.sample_name,Sample,Tank.ID,Time,Antibiotics,Temperature,Pathogen,Treatment,History,Sex,Weight.g,Weight.mg,Length.mm,Body.Size,Mortality,Total.Worm.Count,Flagged,notes,fecal.sample.number,gut.sample.number,adultworm.count,larvalworm.count,notes.dissection,PLATE,WELL,treatment_code,treatment_group,time_point,pathogen_status,sex,Exp_Type
f1,1,1,0,0,0,0,A- T- P-,0,M,0.37,370,32,1.129150391,0,0,NA,NA,f1,g1,NA,NA,NA,P1,B1,NA,Control,0,Unexposed,M,No prior stressor(s)
f2,2,1,0,0,0,0,A- T- P-,0,F,0.61,610,37,1.204272205,0,0,0,NA,f2,g2,NA,NA,NA,P1,C1,NA,Control,0,Unexposed,F,No prior stressor(s)
f3,3,1,0,0,0,0,A- T- P-,0,M,0.29,290,33,0.806967749,0,0,0,NA,f3,g3,NA,NA,NA,P1,D1,NA,Control,0,Unexposed,M,No prior stressor(s)
f31,31,2,0,0,0,0,A- T- P-,0,F,0.54,540,36,1.157407407,0,0,0,NA,f31,g31,NA,NA,NA,P1,E1,NA,Control,0,Unexposed,F,No prior stressor(s)
f32,32,2,0,0,0,0,A- T- P-,0,M,0.3,300,32,0.915527344,0,0,0,NA,f32,g32,NA,NA,NA,P1,F1,NA,Control,0,Unexposed,M,No prior stressor(s)
f33,33,2,0,0,0,0,A- T- P-,0,F,0.65,650,38,1.184575011,0,0,0,NA,f33,g33,NA,NA,NA,P1,G1,NA,Control,0,Unexposed,F,No prior stressor(s)
f61,61,3,0,0,0,0,A- T- P-,0,M,0.47,470,35,1.096209913,0,0,0,NA,f61,g61,NA,NA,NA,P1,H1,NA,Control,0,Unexposed,M,No prior stressor(s)
f62,62,3,0,0,0,0,A- T- P-,0,M,0.3,300,33,0.834794223,0,0,0,NA,f62,g62,NA,NA,NA,P1,A2,NA,Control,0,Unexposed,M,No prior stressor(s)
f63,63,3,0,0,0,0,A- T- P-,0,F,0.42,420,35,0.979591837,0,0,0,NA,f63,g63,NA,NA,NA,P1,B2,NA,Control,0,Unexposed,F,No prior stressor(s)
f91,91,4,0,0,0,1,A- T- P+,0,NA,0.42,420,34,1.068593527,0,0,0,"Length: 40, Weight: .67g. Info filled in is for a different fish. Notes are for f91.",f91,g91,NA,NA,NA,P1,C2,NA,Parasite,0,Exposed,NA,No prior stressor(s)
f92,92,4,0,0,0,1,A- T- P+,0,M,0.32,320,31,1.074149911,0,0,0,NA,f92,g92,NA,NA,NA,P1,D2,NA,Parasite,0,Exposed,M,No prior stressor(s)
f93,93,4,0,0,0,1,A- T- P+,0,M,NA,0,NA,#DIV/0!,0,0,0,"Fecal sample, no weight, gut sample confirm",f93,g93,NA,NA,NA,P1,E2,NA,Parasite,0,Exposed,M,No prior stressor(s)
f121,121,5,0,0,0,1,A- T- P+,0,F,0.57,570,36,1.221707819,0,0,0,NA,f121,g121,NA,NA,NA,P1,F2,NA,Parasite,0,Exposed,F,No prior stressor(s)
f122,122,5,0,0,0,1,A- T- P+,0,M,0.38,380,34,0.966822715,0,0,0,NA,f122,g122,NA,NA,Partial Light,P1,G2,NA,Parasite,0,Exposed,M,No prior stressor(s)
f123,123,5,0,0,0,1,A- T- P+,0,M,0.39,390,34,0.992265418,0,0,0,NA,f123,g123,NA,NA,NA,P1,H2,NA,Parasite,0,Exposed,M,No prior stressor(s)
f151,151,6,0,0,0,1,A- T- P+,0,F,0.5,500,35,1.166180758,0,0,0,NA,f151,g151,NA,NA,NA,P1,A3,NA,Parasite,0,Exposed,F,No prior stressor(s)
f152,152,6,0,0,0,1,A- T- P+,0,F,0.56,560,36,1.200274348,0,0,0,NA,f152,g152,NA,NA,NA,P1,B3,NA,Parasite,0,Exposed,F,No prior stressor(s)
f153,153,6,0,0,0,1,A- T- P+,0,F,0.41,410,34,1.043150824,0,0,0,NA,f153,g153,NA,NA,NA,P1,C3,NA,Parasite,0,Exposed,F,No prior stressor(s)
f181,181,7,0,0,1,0,A- T+ P-,1,M,0.35,350,34,0.890494606,0,0,0,NA,f181,g181,NA,NA,NA,P1,D3,NA,Temperature,0,Unexposed,M,Temperature
f182,182,7,0,0,1,0,A- T+ P-,1,F,0.52,520,37,1.026592699,0,0,0,NA,f182,g182,NA,NA,NA,P1,E3,NA,Temperature,0,Unexposed,F,Temperature
f183,183,7,0,0,1,0,A- T+ P-,1,M,0.26,260,30,0.962962963,0,0,0,NA,f183,g183,NA,NA,NA,P1,F3,NA,Temperature,0,Unexposed,M,Temperature
f211,211,8,0,0,1,0,A- T+ P-,1,M,0.39,390,34,0.992265418,0,0,0,NA,f211,g211,NA,NA,NA,P1,G3,NA,Temperature,0,Unexposed,M,Temperature
f212,212,8,0,0,1,0,A- T+ P-,1,M,0.4,400,34,1.017708121,0,0,0,NA,f212,g212,NA,NA,NA,P1,H3,NA,Temperature,0,Unexposed,M,Temperature
f213,213,8,0,0,1,0,A- T+ P-,1,F,0.46,460,34,1.17036434,0,0,0,NA,f213,g213,NA,NA,NA,P1,A4,NA,Temperature,0,Unexposed,F,Temperature
f241,241,9,0,0,1,0,A- T+ P-,1,M,0.45,450,36,0.964506173,0,0,0,NA,f241,g241,NA,NA,NA,P1,B4,NA,Temperature,0,Unexposed,M,Temperature
f242,242,9,0,0,1,0,A- T+ P-,1,M,0.35,350,33,0.973926594,0,0,0,NA,f242,g242,NA,NA,NA,P1,C4,NA,Temperature,0,Unexposed,M,Temperature
f243,243,9,0,0,1,0,A- T+ P-,1,F,0.56,560,37,1.105561369,0,0,0,NA,f243,g243,NA,NA,NA,P1,D4,NA,Temperature,0,Unexposed,F,Temperature
f271,271,10,0,0,1,1,A- T+ P+,1,F,0.31,310,31,1.040582726,0,0,0,NA,f271,g271,NA,NA,NA,P1,E4,NA,Temperature_Parasite,0,Exposed,F,Temperature
f272,272,10,0,0,1,1,A- T+ P+,1,F,0.33,330,33,0.918273646,0,0,0,NA,f272,g272,NA,NA,NA,P1,F4,NA,Temperature_Parasite,0,Exposed,F,Temperature
f273,273,10,0,0,1,1,A- T+ P+,1,M,0.35,350,34,0.890494606,0,0,0,NA,f273,g273,NA,NA,Not a lot of food,P1,G4,NA,Temperature_Parasite,0,Exposed,M,Temperature
f301,301,11,0,0,1,1,A- T+ P+,1,M,0.35,350,35,0.816326531,0,0,0,NA,f301,g301,NA,NA,NA,P1,H4,NA,Temperature_Parasite,0,Exposed,M,Temperature
f302,302,11,0,0,1,1,A- T+ P+,1,M,0.29,290,34,0.737838388,0,0,0,NA,f302,g302,NA,NA,NA,P1,A5,NA,Temperature_Parasite,0,Exposed,M,Temperature
f303,303,11,0,0,1,1,A- T+ P+,1,F,0.36,360,32,1.098632813,0,0,0,NA,f303,g303,NA,NA,NA,P1,B5,NA,Temperature_Parasite,0,Exposed,F,Temperature
f331,331,12,0,0,1,1,A- T+ P+,1,M,0.36,360,34,0.915937309,0,0,0,NA,f331,g331,NA,NA,NA,P1,C5,NA,Temperature_Parasite,0,Exposed,M,Temperature
f332,332,12,0,0,1,1,A- T+ P+,1,F,0.38,380,33.5,1.010762627,0,0,0,NA,f332,g332,NA,NA,NA,P1,D5,NA,Temperature_Parasite,0,Exposed,F,Temperature
f333,333,12,0,0,1,1,A- T+ P+,1,F,0.42,420,33,1.168711913,0,0,0,NA,f333,g333,NA,NA,NA,P1,E5,NA,Temperature_Parasite,0,Exposed,F,Temperature
f361,361,13,0,1,0,0,A+ T- P-,1,F,0.39,390,35,0.909620991,0,0,0,NA,f361,g361,NA,NA,NA,P1,F5,NA,Antibiotics,0,Unexposed,F,Antibiotics
f362,362,13,0,1,0,0,A+ T- P-,1,M,0.34,340,33,0.94610012,0,0,0,NA,f362,g362,NA,NA,NA,P1,G5,NA,Antibiotics,0,Unexposed,M,Antibiotics
f363,363,13,0,1,0,0,A+ T- P-,1,F,0.59,590,37,1.16478787,0,0,0,NA,f363,g363,NA,NA,NA,P1,H5,NA,Antibiotics,0,Unexposed,F,Antibiotics
f391,391,14,0,1,0,0,A+ T- P-,1,M,0.34,340,32,1.037597656,0,0,0,NA,f391,g391,NA,NA,NA,P1,A6,NA,Antibiotics,0,Unexposed,M,Antibiotics
f392,392,14,0,1,0,0,A+ T- P-,1,F,0.42,420,34,1.068593527,0,0,0,NA,f392,g392,NA,NA,Sex Unkown,P1,B6,NA,Antibiotics,0,Unexposed,F,Antibiotics
f393,393,14,0,1,0,0,A+ T- P-,1,NA,0.56,560,35,1.306122449,0,0,0,"Fecal sample, weight, no gut sample",f393,g393,NA,NA,NA,P1,C6,NA,Antibiotics,0,Unexposed,NA,Antibiotics
f421,421,15,0,1,0,0,A+ T- P-,1,M,0.41,410,33,1.140885438,0,0,0,NA,f421,g421,NA,NA,NA,P1,D6,NA,Antibiotics,0,Unexposed,M,Antibiotics
f422,422,15,0,1,0,0,A+ T- P-,1,NA,0.69,690,40,1.078125,0,0,0,"Fecal sample, weight, no gut sample",f422,g422,NA,NA,NA,P1,E6,NA,Antibiotics,0,Unexposed,NA,Antibiotics
f423,423,15,0,1,0,0,A+ T- P-,1,F,0.48,480,34,1.221249746,0,0,0,NA,f423,g423,NA,NA,NA,P1,F6,NA,Antibiotics,0,Unexposed,F,Antibiotics
f451,451,16,0,1,0,1,A+ T- P+,1,F,0.36,360,32,1.098632813,0,0,0,NA,f451,g451,NA,NA,NA,P1,G6,NA,Antibiotics_Parasite,0,Exposed,F,Antibiotics
f452,452,16,0,1,0,1,A+ T- P+,1,M,0.33,330,32,1.007080078,0,0,0,NA,f452,g452,NA,NA,NA,P1,H6,NA,Antibiotics_Parasite,0,Exposed,M,Antibiotics
f453,453,16,0,1,0,1,A+ T- P+,1,F,0.59,590,36,1.26457476,0,0,0,NA,f453,g453,NA,NA,NA,P1,A7,NA,Antibiotics_Parasite,0,Exposed,F,Antibiotics
f481,481,17,0,1,0,1,A+ T- P+,1,F,0.47,470,35,1.096209913,0,0,0,NA,f481,g481,NA,NA,NA,P1,B7,NA,Antibiotics_Parasite,0,Exposed,F,Antibiotics
f482,482,17,0,1,0,1,A+ T- P+,1,F,0.4,400,33,1.113058964,0,0,0,NA,f482,g482,NA,NA,NA,P1,C7,NA,Antibiotics_Parasite,0,Exposed,F,Antibiotics
f483,483,17,0,1,0,1,A+ T- P+,1,F,0.37,370,33,1.029579542,0,0,0,NA,f483,g483,NA,NA,NA,P1,D7,NA,Antibiotics_Parasite,0,Exposed,F,Antibiotics
f511,511,18,0,1,0,1,A+ T- P+,1,F,0.37,370,34,0.941380012,0,0,0,NA,f511,g511,NA,NA,NA,P1,E7,NA,Antibiotics_Parasite,0,Exposed,F,Antibiotics
f512,512,18,0,1,0,1,A+ T- P+,1,F,0.37,370,32,1.129150391,0,0,0,NA,f512,g512,NA,NA,NA,P1,F7,NA,Antibiotics_Parasite,0,Exposed,F,Antibiotics
f513,513,18,0,1,0,1,A+ T- P+,1,M,0.32,320,32,0.9765625,0,0,0,NA,f513,g513,NA,NA,NA,P1,G7,NA,Antibiotics_Parasite,0,Exposed,M,Antibiotics
f541,541,19,0,1,1,0,A+ T+ P-,2,M,0.42,420,34,1.068593527,0,0,0,NA,f541,g541,NA,NA,NA,P1,H7,NA,Antibiotics_Temperature,0,Unexposed,M,Combined
f542,542,19,0,1,1,0,A+ T+ P-,2,M,0.57,570,38,1.038781163,0,0,0,NA,f542,g542,NA,NA,NA,P1,A8,NA,Antibiotics_Temperature,0,Unexposed,M,Combined
f543,543,19,0,1,1,0,A+ T+ P-,2,F,0.42,420,35,0.979591837,0,0,0,NA,f543,g543,NA,NA,NA,P1,B8,NA,Antibiotics_Temperature,0,Unexposed,F,Combined
f571,571,20,0,1,1,0,A+ T+ P-,2,F,0.65,650,36,1.393175583,0,0,0,NA,f571,g571,NA,NA,NA,P1,C8,NA,Antibiotics_Temperature,0,Unexposed,F,Combined
f572,572,20,0,1,1,0,A+ T+ P-,2,NA,0.35,350,32,1.068115234,0,0,0,"Fecal sample, weight, no gut sample",f572,g572,NA,NA,NA,P1,D8,NA,Antibiotics_Temperature,0,Unexposed,NA,Combined
f573,573,20,0,1,1,0,A+ T+ P-,2,M,0.45,450,32,1.373291016,0,0,0,NA,f573,g573,NA,NA,NA,P1,E8,NA,Antibiotics_Temperature,0,Unexposed,M,Combined
f601,601,21,0,1,1,0,A+ T+ P-,2,F,0.33,330,32,1.007080078,0,0,0,NA,f601,g601,NA,NA,NA,P1,F8,NA,Antibiotics_Temperature,0,Unexposed,F,Combined
f602,602,21,0,1,1,0,A+ T+ P-,2,F,0.5,500,34,1.272135152,0,0,0,NA,f602,g602,NA,NA,NA,P1,G8,NA,Antibiotics_Temperature,0,Unexposed,F,Combined
f603,603,21,0,1,1,0,A+ T+ P-,2,F,0.61,610,36,1.307441701,0,0,0,NA,f603,g603,NA,NA,NA,P1,H8,NA,Antibiotics_Temperature,0,Unexposed,F,Combined
f631,631,22,0,1,1,1,A+ T+ P+,2,F,0.38,380,32,1.159667969,0,0,0,NA,f631,g631,NA,NA,NA,P1,A9,NA,Antibiotics_Temperature_Parasite,0,Exposed,F,Combined
f632,632,22,0,1,1,1,A+ T+ P+,2,M,0.46,460,34,1.17036434,0,0,0,NA,f632,g632,NA,NA,NA,P1,B9,NA,Antibiotics_Temperature_Parasite,0,Exposed,M,Combined
f633,633,22,0,1,1,1,A+ T+ P+,2,M,0.36,360,32,1.098632813,0,0,0,NA,f633,g633,NA,NA,NA,P1,C9,NA,Antibiotics_Temperature_Parasite,0,Exposed,M,Combined
f661,661,23,0,1,1,1,A+ T+ P+,2,M,0.36,360,35,0.839650146,0,0,0,NA,f661,g661,NA,NA,NA,P1,D9,NA,Antibiotics_Temperature_Parasite,0,Exposed,M,Combined
f662,662,23,0,1,1,1,A+ T+ P+,2,F,0.49,490,34,1.246692449,0,0,0,NA,f662,g662,NA,NA,NA,P1,E9,NA,Antibiotics_Temperature_Parasite,0,Exposed,F,Combined
f663,663,23,0,1,1,1,A+ T+ P+,2,F,0.43,430,34,1.09403623,0,0,0,NA,f663,g663,NA,NA,NA,P1,F9,NA,Antibiotics_Temperature_Parasite,0,Exposed,F,Combined
f691,691,24,0,1,1,1,A+ T+ P+,2,F,0.28,280,30,1.037037037,0,0,0,NA,f691,g691,NA,NA,NA,P1,G9,NA,Antibiotics_Temperature_Parasite,0,Exposed,F,Combined
f692,692,24,0,1,1,1,A+ T+ P+,2,NA,0.39,390,36,0.83590535,0,0,0,"Fecal sample, weight, no gut sample",f692,g692,NA,NA,NA,P1,H9,NA,Antibiotics_Temperature_Parasite,0,Exposed,NA,Combined
f693,693,24,0,1,1,1,A+ T+ P+,2,F,0.51,510,36,1.093106996,0,0,0,NA,f693,g693,NA,NA,NA,P1,A10,NA,Antibiotics_Temperature_Parasite,0,Exposed,F,Combined
f4,4,1,14,0,0,0,A- T- P-,0,F,0.46,460,32.5,1.340009103,0,0,0,NA,f4,g4,NA,NA,NA,P1,B10,NA,Control,14,Unexposed,F,No prior stressor(s)
f5,5,1,14,0,0,0,A- T- P-,0,F,0.34,340,33,0.94610012,0,0,0,NA,f5,g5,NA,NA,NA,P1,C10,NA,Control,14,Unexposed,F,No prior stressor(s)
f6,6,1,14,0,0,0,A- T- P-,0,M,0.49,490,37,0.967366197,0,0,0,NA,f6,g6,NA,NA,NA,P1,D10,NA,Control,14,Unexposed,M,No prior stressor(s)
f34,34,2,14,0,0,0,A- T- P-,0,F,0.49,490,35,1.142857143,0,0,0,NA,f34,g34,NA,NA,NA,P1,E10,NA,Control,14,Unexposed,F,No prior stressor(s)
f35,35,2,14,0,0,0,A- T- P-,0,M,0.42,420,34,1.068593527,0,0,0,NA,f35,g35,NA,NA,NA,P1,F10,NA,Control,14,Unexposed,M,No prior stressor(s)
f36,36,2,14,0,0,0,A- T- P-,0,M,0.38,380,34,0.966822715,0,0,0,NA,f36,g36,NA,NA,NA,P1,G10,NA,Control,14,Unexposed,M,No prior stressor(s)
f64,64,3,14,0,0,0,A- T- P-,0,M,0.39,390,35,0.909620991,0,0,0,NA,f64,g64,NA,NA,Not a lot of food,P1,H10,NA,Control,14,Unexposed,M,No prior stressor(s)
f65,65,3,14,0,0,0,A- T- P-,0,M,0.35,350,NA,#DIV/0!,0,0,0,bad tail no length,f65,g65,NA,NA,NA,P1,A11,NA,Control,14,Unexposed,M,No prior stressor(s)
f66,66,3,14,0,0,0,A- T- P-,0,M,0.49,490,37,0.967366197,0,0,0,NA,f66,g66,NA,NA,NA,P1,B11,NA,Control,14,Unexposed,M,No prior stressor(s)
f94,94,4,14,0,0,1,A- T- P+,0,F,0.5,500,57.5,0.263006493,0,0,0,NA,f94,g94,NA,NA,NA,P1,C11,NA,Parasite,14,Exposed,F,No prior stressor(s)
f95,95,4,14,0,0,1,A- T- P+,0,F,0.44,440,35,1.026239067,0,0,0,NA,f95,g95,NA,NA,NA,P1,D11,NA,Parasite,14,Exposed,F,No prior stressor(s)
f96,96,4,14,0,0,1,A- T- P+,0,M,0.41,410,34,1.043150824,0,0,0,NA,f96,g96,NA,NA,NA,P1,E11,NA,Parasite,14,Exposed,M,No prior stressor(s)
f124,124,5,14,0,0,1,A- T- P+,0,F,0.49,490,36,1.050240055,0,0,0,Length: 34.5 Weight: 0.46 (Mystery fish?),f124,g124,NA,NA,NA,P1,F11,NA,Parasite,14,Exposed,F,No prior stressor(s)
f125,125,5,14,0,0,1,A- T- P+,0,F,0.36,360,33,1.001753068,0,0,0,NA,f125,g125,NA,NA,NA,P1,G11,NA,Parasite,14,Exposed,F,No prior stressor(s)
f126,126,5,14,0,0,1,A- T- P+,0,F,0.64,640,40,1,0,0,0,NA,f126,g126,NA,NA,NA,P1,H11,NA,Parasite,14,Exposed,F,No prior stressor(s)
f154,154,6,14,0,0,1,A- T- P+,0,F,0.38,380,35,0.886297376,0,0,0,NA,f154,g154,NA,NA,NA,P1,A12,NA,Parasite,14,Exposed,F,No prior stressor(s)
f155,155,6,14,0,0,1,A- T- P+,0,M,0.38,380,35,0.886297376,0,0,0,NA,f155,g155,NA,NA,Not a lot of food,P1,B12,NA,Parasite,14,Exposed,M,No prior stressor(s)
f156,156,6,14,0,0,1,A- T- P+,0,M,0.47,470,37,0.927881863,0,0,0,NA,f156,g156,NA,NA,Not a lot of food,P1,C12,NA,Parasite,14,Exposed,M,No prior stressor(s)
f184,184,7,14,0,1,0,A- T+ P-,1,M,0.36,360,34,0.915937309,0,0,0,NA,f184,g184,NA,NA,NA,P1,D12,NA,Temperature,14,Unexposed,M,Temperature
f185,185,7,14,0,1,0,A- T+ P-,1,F,0.47,470,34,1.195807043,0,0,0,NA,f185,g185,NA,NA,NA,P1,E12,NA,Temperature,14,Unexposed,F,Temperature
f186,186,7,14,0,1,0,A- T+ P-,1,M,NA,0,NA,#DIV/0!,0,0,0,"Fecal sample, no weight, gut sample confirm",f186,g186,NA,NA,NA,P1,F12,NA,Temperature,14,Unexposed,M,Temperature
f214,214,8,14,0,1,0,A- T+ P-,1,F,0.56,560,37,1.105561369,0,0,0,NA,f214,g214,NA,NA,NA,P1,G12,NA,Temperature,14,Unexposed,F,Temperature
f215,215,8,14,0,1,0,A- T+ P-,1,M,0.42,420,35.5,0.93878087,0,0,0,NA,f215,g215,NA,NA,"Not a lot of food, tube g275",P2,B1,NA,Temperature,14,Unexposed,M,Temperature
f216,216,8,14,0,1,0,A- T+ P-,1,F,0.41,410,32,1.251220703,0,0,0,NA,f216,g216,NA,NA,NA,P2,C1,NA,Temperature,14,Unexposed,F,Temperature
f244,244,9,14,0,1,0,A- T+ P-,1,M,0.4,400,34,1.017708121,0,0,0,NA,f244,g244,NA,NA,NA,P2,D1,NA,Temperature,14,Unexposed,M,Temperature
f245,245,9,14,0,1,0,A- T+ P-,1,M,0.43,430,35,1.002915452,0,0,0,NA,f245,g245,NA,NA,NA,P2,E1,NA,Temperature,14,Unexposed,M,Temperature
f246,246,9,14,0,1,0,A- T+ P-,1,F,NA,0,NA,#DIV/0!,0,0,0,"Fecal sample, no weight, gut sample confirm",f246,g246,NA,NA,NA,P2,F1,NA,Temperature,14,Unexposed,F,Temperature
f274,274,10,14,0,1,1,A- T+ P+,1,M,0.34,340,33,0.94610012,0,0,0,NA,f274,g274,NA,NA,Not a lot of food,P2,G1,NA,Temperature_Parasite,14,Exposed,M,Temperature
f275,275,10,14,0,1,1,A- T+ P+,1,M,0.33,330,33,0.918273646,0,0,0,NA,f275,g275,NA,NA,NA,P2,H1,NA,Temperature_Parasite,14,Exposed,M,Temperature
f276,276,10,14,0,1,1,A- T+ P+,1,F,0.49,490,35,1.142857143,0,0,0,Length: 38 Weight: 0.56 (Mystery fish?),f276,g276,NA,NA,NA,P2,A2,NA,Temperature_Parasite,14,Exposed,F,Temperature
f304,304,11,14,0,1,1,A- T+ P+,1,F,0.35,350,32,1.068115234,0,0,0,NA,f304,g304,NA,NA,NA,P2,B2,NA,Temperature_Parasite,14,Exposed,F,Temperature
f305,305,11,14,0,1,1,A- T+ P+,1,M,0.32,320,32,0.9765625,0,0,0,NA,f305,g305,NA,NA,NA,P2,C2,NA,Temperature_Parasite,14,Exposed,M,Temperature
f306,306,11,14,0,1,1,A- T+ P+,1,M,0.4,400,34,1.017708121,0,0,0,NA,f306,g306,NA,NA,NA,P2,D2,NA,Temperature_Parasite,14,Exposed,M,Temperature
f334,334,12,14,0,1,1,A- T+ P+,1,M,0.38,380,34,0.966822715,0,0,0,NA,f334,g334,NA,NA,NA,P2,E2,NA,Temperature_Parasite,14,Exposed,M,Temperature
f335,335,12,14,0,1,1,A- T+ P+,1,F,0.65,650,38,1.184575011,0,0,0,NA,f335,g335,NA,NA,NA,P2,F2,NA,Temperature_Parasite,14,Exposed,F,Temperature
f336,336,12,14,0,1,1,A- T+ P+,1,F,0.69,690,37,1.362209543,0,0,0,NA,f336,g336,NA,NA,NA,P2,G2,NA,Temperature_Parasite,14,Exposed,F,Temperature
f364,364,13,14,1,0,0,A+ T- P-,1,M,NA,0,NA,#DIV/0!,0,0,0,"No weight, gut sample confirmed",f364,g364,NA,NA,Not a lot of food,P2,H2,NA,Antibiotics,14,Unexposed,M,Antibiotics
f365,365,13,14,1,0,0,A+ T- P-,1,F,0.33,330,31.5,1.055801509,0,0,0,NA,f365,g365,NA,NA,NA,P2,A3,NA,Antibiotics,14,Unexposed,F,Antibiotics
f366,366,13,14,1,0,0,A+ T- P-,1,M,0.4,400,35,0.932944606,0,0,0,NA,f366,g366,NA,NA,NA,P2,B3,NA,Antibiotics,14,Unexposed,M,Antibiotics
f394,394,14,14,1,0,0,A+ T- P-,1,M,0.36,360,34,0.915937309,0,0,0,NA,f394,g394,NA,NA,NA,P2,C3,NA,Antibiotics,14,Unexposed,M,Antibiotics
f395,395,14,14,1,0,0,A+ T- P-,1,M,0.35,350,35,0.816326531,0,0,0,NA,f395,g395,NA,NA,NA,P2,D3,NA,Antibiotics,14,Unexposed,M,Antibiotics
f396,396,14,14,1,0,0,A+ T- P-,1,F,0.73,730,39,1.230634367,0,0,0,NA,f396,g396,NA,NA,NA,P2,E3,NA,Antibiotics,14,Unexposed,F,Antibiotics
f424,424,15,14,1,0,0,A+ T- P-,1,M,NA,0,NA,#DIV/0!,0,0,0,"Fecal sample, no weight, gut sample confirm",f424,g424,NA,NA,NA,P2,F3,NA,Antibiotics,14,Unexposed,M,Antibiotics
f425,425,15,14,1,0,0,A+ T- P-,1,F,0.5,500,36.5,1.028232699,0,0,0,NA,f425,g425,NA,NA,NA,P2,G3,NA,Antibiotics,14,Unexposed,F,Antibiotics
f426,426,15,14,1,0,0,A+ T- P-,1,M,0.37,370,34,0.941380012,0,0,0,NA,f426,g426,NA,NA,NA,P2,H3,NA,Antibiotics,14,Unexposed,M,Antibiotics
f454,454,16,14,1,0,1,A+ T- P+,1,F,0.45,450,34,1.144921636,0,0,0,NA,f454,g454,NA,NA,NA,P2,A4,NA,Antibiotics_Parasite,14,Exposed,F,Antibiotics
f455,455,16,14,1,0,1,A+ T- P+,1,F,0.55,550,36,1.178840878,0,0,0,NA,f455,g455,NA,NA,NA,P2,B4,NA,Antibiotics_Parasite,14,Exposed,F,Antibiotics
f456,456,16,14,1,0,1,A+ T- P+,1,F,0.6,600,36,1.28600823,0,0,0,NA,f456,g456,NA,NA,NA,P2,C4,NA,Antibiotics_Parasite,14,Exposed,F,Antibiotics
f484,484,17,14,1,0,1,A+ T- P+,1,NA,0.41,410,35,0.956268222,0,0,0,"Fecal sample, weight, no gut sample",f484,g484,NA,NA,Sex Undetermined,P2,D4,NA,Antibiotics_Parasite,14,Exposed,NA,Antibiotics
f485,485,17,14,1,0,1,A+ T- P+,1,F,0.62,620,39,1.045196311,0,0,0,Length: 34	 Weight: 0.35 (Mystery fish?),f485,g485,NA,NA,NA,P2,E4,NA,Antibiotics_Parasite,14,Exposed,F,Antibiotics
f486,486,17,14,1,0,1,A+ T- P+,1,F,0.38,380,34,0.966822715,0,0,0,NA,f486,g486,NA,NA,NA,P2,F4,NA,Antibiotics_Parasite,14,Exposed,F,Antibiotics
f514,514,18,14,1,0,1,A+ T- P+,1,F,0.43,430,34,1.09403623,0,0,0,NA,f514,g514,NA,NA,Not a lot of food,P2,G4,NA,Antibiotics_Parasite,14,Exposed,F,Antibiotics
f515,515,18,14,1,0,1,A+ T- P+,1,F,0.4,400,36,0.85733882,0,0,0,NA,f515,g515,NA,NA,NA,P2,H4,NA,Antibiotics_Parasite,14,Exposed,F,Antibiotics
f516,516,18,14,1,0,1,A+ T- P+,1,F,0.45,450,34,1.144921636,0,0,0,NA,f516,g516,NA,NA,NA,P2,A5,NA,Antibiotics_Parasite,14,Exposed,F,Antibiotics
f544,544,19,14,1,1,0,A+ T+ P-,2,F,0.46,460,34,1.17036434,0,0,0,NA,f544,g544,NA,NA,NA,P2,B5,NA,Antibiotics_Temperature,14,Unexposed,F,Combined
f545,545,19,14,1,1,0,A+ T+ P-,2,F,0.74,740,39,1.247492372,0,0,0,NA,f545,g545,NA,NA,NA,P2,C5,NA,Antibiotics_Temperature,14,Unexposed,F,Combined
f546,546,19,14,1,1,0,A+ T+ P-,2,F,0.55,550,35,1.282798834,0,0,0,NA,f546,g546,NA,NA,NA,P2,D5,NA,Antibiotics_Temperature,14,Unexposed,F,Combined
f574,574,20,14,1,1,0,A+ T+ P-,2,F,0.55,550,35,1.282798834,0,0,0,NA,f574,g574,NA,NA,NA,P2,E5,NA,Antibiotics_Temperature,14,Unexposed,F,Combined
f575,575,20,14,1,1,0,A+ T+ P-,2,F,0.38,380,35,0.886297376,0,0,0,NA,f575,g575,NA,NA,Not a lot of food,P2,F5,NA,Antibiotics_Temperature,14,Unexposed,F,Combined
f576,576,20,14,1,1,0,A+ T+ P-,2,M,0.38,380,35,0.886297376,0,0,0,NA,f576,g576,NA,NA,NA,P2,G5,NA,Antibiotics_Temperature,14,Unexposed,M,Combined
f604,604,21,14,1,1,0,A+ T+ P-,2,F,0.28,280,34,0.712395685,0,0,0,NA,f604,g604,NA,NA,NA,P2,H5,NA,Antibiotics_Temperature,14,Unexposed,F,Combined
f605,605,21,14,1,1,0,A+ T+ P-,2,F,0.45,450,34,1.144921636,0,0,0,NA,f605,g605,NA,NA,NA,P2,A6,NA,Antibiotics_Temperature,14,Unexposed,F,Combined
f606,606,21,14,1,1,0,A+ T+ P-,2,F,0.39,390,33,1.08523249,0,0,0,NA,f606,g606,NA,NA,NA,P2,B6,NA,Antibiotics_Temperature,14,Unexposed,F,Combined
f634,634,22,14,1,1,1,A+ T+ P+,2,M,0.42,420,35,0.979591837,0,0,0,NA,f634,g634,NA,NA,Not a lot of food,P2,C6,NA,Antibiotics_Temperature_Parasite,14,Exposed,M,Combined
f635,635,22,14,1,1,1,A+ T+ P+,2,F,0.51,510,33.5,1.356549842,0,0,0,NA,f635,g635,NA,NA,NA,P2,D6,NA,Antibiotics_Temperature_Parasite,14,Exposed,F,Combined
f636,636,22,14,1,1,1,A+ T+ P+,2,F,0.65,650,39,1.095770327,0,0,0,NA,f636,g636,NA,NA,NA,P2,E6,NA,Antibiotics_Temperature_Parasite,14,Exposed,F,Combined
f664,664,23,14,1,1,1,A+ T+ P+,2,F,0.52,520,37,1.026592699,0,0,0,"Length: 34 Width: 0.46 (Mystery fish?),",f664,g664,NA,NA,NA,P2,F6,NA,Antibiotics_Temperature_Parasite,14,Exposed,F,Combined
f665,665,23,14,1,1,1,A+ T+ P+,2,F,0.68,680,32,2.075195313,0,0,0,NA,f665,g665,NA,NA,NA,P2,G6,NA,Antibiotics_Temperature_Parasite,14,Exposed,F,Combined
f666,666,23,14,1,1,1,A+ T+ P+,2,F,0.67,670,36,1.436042524,0,0,0,NA,f666,g666,NA,NA,NA,P2,H6,NA,Antibiotics_Temperature_Parasite,14,Exposed,F,Combined
f694,694,24,14,1,1,1,A+ T+ P+,2,F,0.36,360,32,1.098632813,0,0,0,NA,f694,g694,NA,NA,Not a lot of food,P2,A7,NA,Antibiotics_Temperature_Parasite,14,Exposed,F,Combined
f695,695,24,14,1,1,1,A+ T+ P+,2,F,0.31,310,30,1.148148148,0,0,0,NA,f695,g695,NA,NA,NA,P2,B7,NA,Antibiotics_Temperature_Parasite,14,Exposed,F,Combined
f696,696,24,14,1,1,1,A+ T+ P+,2,M,0.47,470,37,0.927881863,0,0,0,NA,f696,g696,NA,NA,Not a lot of food,P2,C7,NA,Antibiotics_Temperature_Parasite,14,Exposed,M,Combined
f7,7,1,18,0,0,0,A- T- P-,0,M,0.4,400,33,1.113058964,0,0,0,NA,f7,g7,NA,NA,"Not very full gut, mushy gut",P2,D7,NA,Control,18,Unexposed,M,No prior stressor(s)
f8,8,1,18,0,0,0,A- T- P-,0,F,0.61,610,38,1.111678087,0,0,0,NA,f8,g8,NA,NA,NA,P2,E7,NA,Control,18,Unexposed,F,No prior stressor(s)
f9,9,1,18,0,0,0,A- T- P-,0,M,0.29,290,32,0.885009766,0,0,0,NA,f9,g9,NA,NA,Not very full gut,P2,F7,NA,Control,18,Unexposed,M,No prior stressor(s)
f37,37,2,18,0,0,0,A- T- P-,0,M,0.41,410,34,1.043150824,0,0,0,NA,f37,g37,NA,NA,Mushy gut,P2,G7,NA,Control,18,Unexposed,M,No prior stressor(s)
f38,38,2,18,0,0,0,A- T- P-,0,F,0.48,480,36,1.028806584,0,0,0,NA,f38,g38,NA,NA,NA,P2,H7,NA,Control,18,Unexposed,F,No prior stressor(s)
f39,39,2,18,0,0,0,A- T- P-,0,F,0.56,560,38,1.020556932,0,0,0,NA,f39,g39,NA,NA,NA,P2,A8,NA,Control,18,Unexposed,F,No prior stressor(s)
f67,67,3,18,0,0,0,A- T- P-,0,M,0.39,390,35,0.909620991,0,0,0,NA,f67,g67,NA,NA,"Empty, almost liquid gut",P2,B8,NA,Control,18,Unexposed,M,No prior stressor(s)
f68,68,3,18,0,0,0,A- T- P-,0,M,0.44,440,34.5,1.071507934,0,0,0,NA,f68,g68,NA,NA,NA,P2,C8,NA,Control,18,Unexposed,M,No prior stressor(s)
f69,69,3,18,0,0,0,A- T- P-,0,F,0.61,610,37,1.204272205,0,0,0,NA,f69,g69,NA,NA,NA,P2,D8,NA,Control,18,Unexposed,F,No prior stressor(s)
f97,97,4,18,0,0,1,A- T- P+,0,F,0.65,650,37,1.283240874,0,0,0,NA,f97,g97,NA,NA,1/2 full,P2,E8,NA,Parasite,18,Exposed,F,No prior stressor(s)
f98,98,4,18,0,0,1,A- T- P+,0,M,0.43,430,35.5,0.961132796,0,0,0,NA,f98,g98,NA,NA,NA,P2,F8,NA,Parasite,18,Exposed,M,No prior stressor(s)
f99,99,4,18,0,0,1,A- T- P+,0,M,0.42,420,35,0.979591837,0,0,0,NA,f99,g99,NA,NA,Not very full gut,P2,G8,NA,Parasite,18,Exposed,M,No prior stressor(s)
f127,127,5,18,0,0,1,A- T- P+,0,F,0.47,470,35,1.096209913,0,0,0,NA,f127,g127,NA,NA,NA,P2,H8,NA,Parasite,18,Exposed,F,No prior stressor(s)
f128,128,5,18,0,0,1,A- T- P+,0,F,0.71,710,39,1.196918357,0,0,0,NA,f128,g128,NA,NA,Full,P2,A9,NA,Parasite,18,Exposed,F,No prior stressor(s)
f129,129,5,18,0,0,1,A- T- P+,0,F,0.48,480,34,1.221249746,0,0,0,NA,f129,g129,NA,NA,1/2 Full gut,P2,B9,NA,Parasite,18,Exposed,F,No prior stressor(s)
f157,157,6,18,0,0,1,A- T- P+,0,M,0.39,390,34,0.992265418,0,0,0,NA,f157,g157,NA,NA,Not very full gut,P2,C9,NA,Parasite,18,Exposed,M,No prior stressor(s)
f158,158,6,18,0,0,1,A- T- P+,0,F,0.56,560,38,1.020556932,0,0,0,NA,f158,g158,NA,NA,NA,P2,D9,NA,Parasite,18,Exposed,F,No prior stressor(s)
f159,159,6,18,0,0,1,A- T- P+,0,F,0.96,960,40,1.5,0,0,0,NA,f159,g159,NA,NA,NA,P2,E9,NA,Parasite,18,Exposed,F,No prior stressor(s)
f187,187,7,18,0,1,0,A- T+ P-,1,M,0.45,450,36,0.964506173,0,0,0,NA,f187,g187,NA,NA,Full Gut,P2,F9,NA,Temperature,18,Unexposed,M,Temperature
f188,188,7,18,0,1,0,A- T+ P-,1,F,0.49,490,36,1.050240055,0,0,0,NA,f188,g188,NA,NA,1/2 Full gut,P2,G9,NA,Temperature,18,Unexposed,F,Temperature
f189,189,7,18,0,1,0,A- T+ P-,1,F,0.38,380,31.5,1.215771435,0,0,0,NA,f189,g189,NA,NA,Not very full gut,P2,H9,NA,Temperature,18,Unexposed,F,Temperature
f217,217,8,18,0,1,0,A- T+ P-,1,M,0.37,370,33.5,0.984163611,0,0,0,NA,f217,g217,NA,NA,NA,P2,A10,NA,Temperature,18,Unexposed,M,Temperature
f218,218,8,18,0,1,0,A- T+ P-,1,F,0.51,510,36.5,1.048797353,0,0,0,NA,f218,g218,NA,NA,NA,P2,B10,NA,Temperature,18,Unexposed,F,Temperature
f219,219,8,18,0,1,0,A- T+ P-,1,F,0.57,570,35,1.329446064,0,0,0,NA,f219,g219,NA,NA,NA,P2,C10,NA,Temperature,18,Unexposed,F,Temperature
f247,247,9,18,0,1,0,A- T+ P-,1,M,0.45,450,36,0.964506173,0,0,0,NA,f247,g247,NA,NA,NA,P2,D10,NA,Temperature,18,Unexposed,M,Temperature
f248,248,9,18,0,1,0,A- T+ P-,1,M,0.37,370,37,0.73046019,0,0,0,NA,f248,g248,NA,NA,NA,P2,E10,NA,Temperature,18,Unexposed,M,Temperature
f249,249,9,18,0,1,0,A- T+ P-,1,M,0.31,310,32,0.946044922,0,0,0,NA,f249,g249,NA,NA,NA,P2,F10,NA,Temperature,18,Unexposed,M,Temperature
f277,277,10,18,0,1,1,A- T+ P+,1,F,0.42,420,35,0.979591837,0,0,0,NA,f277,g277,NA,NA,NA,P2,G10,NA,Temperature_Parasite,18,Exposed,F,Temperature
f278,278,10,18,0,1,1,A- T+ P+,1,F,0.68,680,37,1.342467376,0,0,0,NA,f278,g278,NA,NA,NA,P2,H10,NA,Temperature_Parasite,18,Exposed,F,Temperature
f279,279,10,18,0,1,1,A- T+ P+,1,M,0.27,270,31,0.906313987,0,0,0,NA,f279,g279,NA,NA,1/2 Full gut,P2,A11,NA,Temperature_Parasite,18,Exposed,M,Temperature
f307,307,11,18,0,1,1,A- T+ P+,1,M,0.39,390,31,1.309120204,0,0,0,NA,f307,g307,NA,NA,Full Gut,P2,B11,NA,Temperature_Parasite,18,Exposed,M,Temperature
f308,308,11,18,0,1,1,A- T+ P+,1,F,0.56,560,36,1.200274348,0,0,0,NA,f308,g308,NA,NA,Full Gut,P2,C11,NA,Temperature_Parasite,18,Exposed,F,Temperature
f309,309,11,18,0,1,1,A- T+ P+,1,F,0.71,710,38,1.293920397,0,0,0,NA,f309,g309,NA,NA,Full Gut,P2,D11,NA,Temperature_Parasite,18,Exposed,F,Temperature
f337,337,12,18,0,1,1,A- T+ P+,1,F,0.34,340,32,1.037597656,0,0,0,NA,f337,g337,NA,NA,Full Gut,P2,E11,NA,Temperature_Parasite,18,Exposed,F,Temperature
f338,338,12,18,0,1,1,A- T+ P+,1,M,0.34,340,33.5,0.904366561,0,0,0,NA,f338,g338,NA,NA,Full Gut,P2,F11,NA,Temperature_Parasite,18,Exposed,M,Temperature
f339,339,12,18,0,1,1,A- T+ P+,1,F,0.52,520,35,1.212827988,0,0,0,NA,f339,g339,NA,NA,NA,P2,G11,NA,Temperature_Parasite,18,Exposed,F,Temperature
f367,367,13,18,1,0,0,A+ T- P-,1,M,0.46,460,56,0.261935131,0,0,0,NA,f367,g367,NA,NA,Not very full gut,P2,H11,NA,Antibiotics,18,Unexposed,M,Antibiotics
f368,368,13,18,1,0,0,A+ T- P-,1,M,0.38,380,34,0.966822715,0,0,0,NA,f368,g368,NA,NA,NA,P2,A12,NA,Antibiotics,18,Unexposed,M,Antibiotics
f369,369,13,18,1,0,0,A+ T- P-,1,M,0.45,450,36,0.964506173,0,0,0,NA,f369,g369,NA,NA,"1/2 Full gut, mushy",P2,B12,NA,Antibiotics,18,Unexposed,M,Antibiotics
f397,397,14,18,1,0,0,A+ T- P-,1,F,0.43,430,35,1.002915452,0,0,0,NA,f397,g397,NA,NA,Full Gut,P2,C12,NA,Antibiotics,18,Unexposed,F,Antibiotics
f398,398,14,18,1,0,0,A+ T- P-,1,M,0.38,380,34,0.966822715,0,0,0,NA,f398,g398,NA,NA,1/2 Full gut,P2,D12,NA,Antibiotics,18,Unexposed,M,Antibiotics
f399,399,14,18,1,0,0,A+ T- P-,1,M,0.39,390,33,1.08523249,0,0,0,NA,f399,g399,NA,NA,Full Gut,P2,E12,NA,Antibiotics,18,Unexposed,M,Antibiotics
f427,427,15,18,1,0,0,A+ T- P-,1,M,0.45,450,36,0.964506173,0,0,0,NA,f427,g427,NA,NA,1/2 Full gut,P2,F12,NA,Antibiotics,18,Unexposed,M,Antibiotics
f428,428,15,18,1,0,0,A+ T- P-,1,M,0.41,410,35,0.956268222,0,0,0,NA,f428,g428,NA,NA,Full Gut,P2,G12,NA,Antibiotics,18,Unexposed,M,Antibiotics
f429,429,15,18,1,0,0,A+ T- P-,1,M,0.36,360,32,1.098632813,0,0,0,NA,f429,g429,NA,NA,Empty Gut,P3,B1,NA,Antibiotics,18,Unexposed,M,Antibiotics
f457,457,16,18,1,0,1,A+ T- P+,1,M,0.39,390,32,1.190185547,0,0,0,NA,f457,g457,NA,NA,Not very full gut,P3,C1,NA,Antibiotics_Parasite,18,Exposed,M,Antibiotics
f458,458,16,18,1,0,1,A+ T- P+,1,F,0.42,420,34,1.068593527,0,0,0,NA,f458,g458,NA,NA,NA,P3,D1,NA,Antibiotics_Parasite,18,Exposed,F,Antibiotics
f459,459,16,18,1,0,1,A+ T- P+,1,F,0.66,660,37,1.302983041,0,0,0,NA,f459,g459,NA,NA,NA,P3,E1,NA,Antibiotics_Parasite,18,Exposed,F,Antibiotics
f487,487,17,18,1,0,1,A+ T- P+,1,F,0.58,580,36,1.243141289,0,0,0,NA,f487,g487,NA,NA,Empty Gut,P3,F1,NA,Antibiotics_Parasite,18,Exposed,F,Antibiotics
f488,488,17,18,1,0,1,A+ T- P+,1,M,0.36,360,32,1.098632813,0,0,0,NA,f488,g488,NA,NA,Empty Gut,P3,G1,NA,Antibiotics_Parasite,18,Exposed,M,Antibiotics
f489,489,17,18,1,0,1,A+ T- P+,1,M,0.49,490,35,1.142857143,0,0,0,NA,f489,g489,NA,NA,"Almost Empty, Disintegrated",P3,H1,NA,Antibiotics_Parasite,18,Exposed,M,Antibiotics
f517,517,18,18,1,0,1,A+ T- P+,1,M,0.33,330,32.5,0.961310878,0,0,0,NA,f517,g517,NA,NA,Full Gut,P3,A2,NA,Antibiotics_Parasite,18,Exposed,M,Antibiotics
f518,518,18,18,1,0,1,A+ T- P+,1,M,0.34,340,33,0.94610012,0,0,0,NA,f518,g518,NA,NA,1/2 Full gut,P3,B2,NA,Antibiotics_Parasite,18,Exposed,M,Antibiotics
f519,519,18,18,1,0,1,A+ T- P+,1,F,0.37,370,33,1.029579542,0,0,0,NA,f519,g519,NA,NA,Full Gut,P3,C2,NA,Antibiotics_Parasite,18,Exposed,F,Antibiotics
f547,547,19,18,1,1,0,A+ T+ P-,2,M,0.33,330,33,0.918273646,0,0,0,NA,f547,g547,NA,NA,Full Gut,P3,D2,NA,Antibiotics_Temperature,18,Unexposed,M,Combined
f548,548,19,18,1,1,0,A+ T+ P-,2,F,0.6,600,37,1.184530038,0,0,0,NA,f548,g548,NA,NA,Full Gut,P3,E2,NA,Antibiotics_Temperature,18,Unexposed,F,Combined
f549,549,19,18,1,1,0,A+ T+ P-,2,F,0.44,440,34,1.119478933,0,0,0,NA,f549,g549,NA,NA,Full Gut,P3,F2,NA,Antibiotics_Temperature,18,Unexposed,F,Combined
f577,577,20,18,1,1,0,A+ T+ P-,2,F,0.72,720,40,1.125,0,0,0,NA,f577,g577,NA,NA,NA,P3,G2,NA,Antibiotics_Temperature,18,Unexposed,F,Combined
f578,578,20,18,1,1,0,A+ T+ P-,2,F,0.6,600,37,1.184530038,0,0,0,NA,f578,g578,NA,NA,Full Gut,P3,H2,NA,Antibiotics_Temperature,18,Unexposed,F,Combined
f579,579,20,18,1,1,0,A+ T+ P-,2,M,0.3,300,32,0.915527344,0,0,0,NA,f579,g579,NA,NA,NA,P3,A3,NA,Antibiotics_Temperature,18,Unexposed,M,Combined
f607,607,21,18,1,1,0,A+ T+ P-,2,F,0.55,550,40,0.859375,0,0,0,NA,f607,g607,NA,NA,NA,P3,B3,NA,Antibiotics_Temperature,18,Unexposed,F,Combined
f608,608,21,18,1,1,0,A+ T+ P-,2,F,0.4,400,38,0.728969237,0,0,0,NA,f608,g608,NA,NA,Full Gut,P3,C3,NA,Antibiotics_Temperature,18,Unexposed,F,Combined
f609,609,21,18,1,1,0,A+ T+ P-,2,F,0.42,420,40,0.65625,0,0,0,NA,f609,g609,NA,NA,Full Gut,P3,D3,NA,Antibiotics_Temperature,18,Unexposed,F,Combined
f637,637,22,18,1,1,1,A+ T+ P+,2,F,0.26,260,28,1.184402332,0,0,0,NA,f637,g637,NA,NA,Full Gut,P3,E3,NA,Antibiotics_Temperature_Parasite,18,Exposed,F,Combined
f638,638,22,18,1,1,1,A+ T+ P+,2,M,0.38,380,34,0.966822715,0,0,0,NA,f638,g638,NA,NA,1/2 Full gut,P3,F3,NA,Antibiotics_Temperature_Parasite,18,Exposed,M,Combined
f639,639,22,18,1,1,1,A+ T+ P+,2,M,0.42,420,34,1.068593527,0,0,0,NA,f639,g639,NA,NA,Full Gut,P3,G3,NA,Antibiotics_Temperature_Parasite,18,Exposed,M,Combined
f667,667,23,18,1,1,1,A+ T+ P+,2,F,0.52,520,35,1.212827988,0,0,0,NA,f667,g667,NA,NA,NA,P3,H3,NA,Antibiotics_Temperature_Parasite,18,Exposed,F,Combined
f668,668,23,18,1,1,1,A+ T+ P+,2,F,0.54,540,37,1.066077034,0,0,0,NA,f668,g668,NA,NA,1/2 Full gut,P3,A4,NA,Antibiotics_Temperature_Parasite,18,Exposed,F,Combined
f669,669,23,18,1,1,1,A+ T+ P+,2,M,0.4,400,33,1.113058964,0,0,0,NA,f669,g669,NA,NA,Full Gut,P3,B4,NA,Antibiotics_Temperature_Parasite,18,Exposed,M,Combined
f697,697,24,18,1,1,1,A+ T+ P+,2,F,0.55,550,31,1.84619516,0,0,0,NA,f697,g697,NA,NA,Full Gut,P3,C4,NA,Antibiotics_Temperature_Parasite,18,Exposed,F,Combined
f698,698,24,18,1,1,1,A+ T+ P+,2,F,0.45,450,35,1.049562682,0,0,0,NA,f698,g698,NA,NA,Full Gut,P3,D4,NA,Antibiotics_Temperature_Parasite,18,Exposed,F,Combined
f699,699,24,18,1,1,1,A+ T+ P+,2,M,0.58,580,37,1.145045703,0,0,0,NA,f699,g699,NA,NA,Full Gut,P3,E4,NA,Antibiotics_Temperature_Parasite,18,Exposed,M,Combined
f10,10,1,25,0,0,0,A- T- P-,0,M,0.41,410,34,1.043150824,0,0,0,NA,f10,g10,NA,NA,NA,P3,F4,NA,Control,25,Unexposed,M,No prior stressor(s)
f11,11,1,25,0,0,0,A- T- P-,0,F,0.45,450,34,1.144921636,0,0,0,NA,f11,g11,NA,NA,NA,P3,G4,NA,Control,25,Unexposed,F,No prior stressor(s)
f12,12,1,25,0,0,0,A- T- P-,0,M,0.41,410,35,0.956268222,0,0,0,NA,f12,g12,NA,NA,NA,P3,H4,NA,Control,25,Unexposed,M,No prior stressor(s)
f40,40,2,25,0,0,0,A- T- P-,0,F,0.52,520,36,1.114540466,0,0,0,NA,f40,g40,NA,NA,NA,P3,A5,NA,Control,25,Unexposed,F,No prior stressor(s)
f41,41,2,25,0,0,0,A- T- P-,0,F,0.42,420,35,0.979591837,0,0,0,NA,f41,g41,NA,NA,NA,P3,B5,NA,Control,25,Unexposed,F,No prior stressor(s)
f42,42,2,25,0,0,0,A- T- P-,0,F,0.34,340,34,0.865051903,0,0,0,NA,f42,g42,NA,NA,NA,P3,C5,NA,Control,25,Unexposed,F,No prior stressor(s)
f70,70,3,25,0,0,0,A- T- P-,0,F,0.91,910,42,1.228269085,0,0,0,NA,f70,g70,NA,NA,NA,P3,D5,NA,Control,25,Unexposed,F,No prior stressor(s)
f71,71,3,25,0,0,0,A- T- P-,0,M,0.44,440,37,0.868655361,0,0,0,NA,f71,g71,NA,NA,NA,P3,E5,NA,Control,25,Unexposed,M,No prior stressor(s)
f72,72,3,25,0,0,0,A- T- P-,0,F,0.54,540,35,1.259475219,0,0,0,NA,f72,g72,NA,NA,NA,P3,F5,NA,Control,25,Unexposed,F,No prior stressor(s)
f100,100,4,25,0,0,1,A- T- P+,0,F,0.39,390,35,0.909620991,0,0,0,NA,f100,g100,NA,NA,NA,P3,G5,NA,Parasite,25,Exposed,F,No prior stressor(s)
f101,101,4,25,0,0,1,A- T- P+,0,M,0.44,440,36,0.943072702,0,0,0,NA,f101,g101,NA,NA,NA,P3,H5,NA,Parasite,25,Exposed,M,No prior stressor(s)
f102,102,4,25,0,0,1,A- T- P+,0,F,0.49,490,36,1.050240055,0,0,0,NA,f102,g102,NA,NA,NA,P3,A6,NA,Parasite,25,Exposed,F,No prior stressor(s)
f130,130,5,25,0,0,1,A- T- P+,0,NA,0.41,410,34,1.043150824,0,0,0,"Fecal sample, weight, no gut sample",f130,g130,NA,NA,NA,P3,B6,NA,Parasite,25,Exposed,NA,No prior stressor(s)
f131,131,5,25,0,0,1,A- T- P+,0,F,0.65,650,37,1.283240874,0,0,0,NA,f131,g131,NA,NA,NA,P3,C6,NA,Parasite,25,Exposed,F,No prior stressor(s)
f132,132,5,25,0,0,1,A- T- P+,0,M,0.38,380,34,0.966822715,0,0,0,NA,f132,g132,NA,NA,NA,P3,D6,NA,Parasite,25,Exposed,M,No prior stressor(s)
f160,160,6,25,0,0,1,A- T- P+,0,M,0.42,420,35,0.979591837,0,0,0,NA,f160,g160,NA,NA,NA,P3,E6,NA,Parasite,25,Exposed,M,No prior stressor(s)
f161,161,6,25,0,0,1,A- T- P+,0,F,0.55,550,38,1.002332702,0,0,0,NA,f161,g161,NA,NA,NA,P3,F6,NA,Parasite,25,Exposed,F,No prior stressor(s)
f162,162,6,25,0,0,1,A- T- P+,0,M,0.48,480,37,0.94762403,0,0,0,NA,f162,g162,NA,NA,NA,P3,G6,NA,Parasite,25,Exposed,M,No prior stressor(s)
f190,190,7,25,0,1,0,A- T+ P-,1,F,0.4,400,34,1.017708121,0,0,0,NA,f190,g190,NA,NA,NA,P3,H6,NA,Temperature,25,Unexposed,F,Temperature
f191,191,7,25,0,1,0,A- T+ P-,1,F,0.54,540,36,1.157407407,0,0,0,NA,f191,g191,NA,NA,NA,P3,A7,NA,Temperature,25,Unexposed,F,Temperature
f192,192,7,25,0,1,0,A- T+ P-,1,M,0.32,320,33,0.890447171,0,0,0,NA,f192,g192,NA,NA,NA,P3,B7,NA,Temperature,25,Unexposed,M,Temperature
f220,220,8,25,0,1,0,A- T+ P-,1,M,0.39,390,36,0.83590535,0,0,0,NA,f220,g220,NA,NA,NA,P3,C7,NA,Temperature,25,Unexposed,M,Temperature
f221,221,8,25,0,1,0,A- T+ P-,1,F,0.53,530,36,1.135973937,0,0,0,NA,f221,g221,NA,NA,NA,P3,D7,NA,Temperature,25,Unexposed,F,Temperature
f222,222,8,25,0,1,0,A- T+ P-,1,NA,0.54,540,37,1.066077034,0,0,0,"Fecal sample, weight, gut sample, no sex",f222,g222,NA,NA,Sex undetermined,P3,E7,NA,Temperature,25,Unexposed,NA,Temperature
f250,250,9,25,0,1,0,A- T+ P-,1,M,0.39,390,35,0.909620991,0,0,0,NA,f250,g250,NA,NA,NA,P3,F7,NA,Temperature,25,Unexposed,M,Temperature
f251,251,9,25,0,1,0,A- T+ P-,1,F,0.35,350,33,0.973926594,0,0,1,"2 fish in one cup,might have swapped 251 with 461. Different treatment",f251,g251,NA,NA,NA,P3,G7,NA,Temperature,25,Unexposed,F,Temperature
f252,252,9,25,0,1,0,A- T+ P-,1,M,0.34,340,35,0.793002915,0,0,0,NA,f252,g252,NA,NA,NA,P3,H7,NA,Temperature,25,Unexposed,M,Temperature
f280,280,10,25,0,1,1,A- T+ P+,1,M,0.36,360,35,0.839650146,0,0,0,NA,f280,g280,NA,NA,NA,P3,A8,NA,Temperature_Parasite,25,Exposed,M,Temperature
f281,281,10,25,0,1,1,A- T+ P+,1,F,0.57,570,36,1.221707819,0,0,0,NA,f281,g281,NA,NA,NA,P3,B8,NA,Temperature_Parasite,25,Exposed,F,Temperature
f282,282,10,25,0,1,1,A- T+ P+,1,M,0.39,390,35,0.909620991,0,0,0,NA,f282,g282,NA,NA,NA,P3,C8,NA,Temperature_Parasite,25,Exposed,M,Temperature
f310,310,11,25,0,1,1,A- T+ P+,1,F,0.53,530,36,1.135973937,0,0,0,NA,f310,g310,NA,NA,NA,P3,D8,NA,Temperature_Parasite,25,Exposed,F,Temperature
f311,311,11,25,0,1,1,A- T+ P+,1,M,0.5,500,37,0.987108365,0,0,0,NA,f311,g311,NA,NA,Full of food,P3,E8,NA,Temperature_Parasite,25,Exposed,M,Temperature
f312,312,11,25,0,1,1,A- T+ P+,1,M,0.37,370,35,0.862973761,0,0,0,NA,f312,g312,NA,NA,Full of food,P3,F8,NA,Temperature_Parasite,25,Exposed,M,Temperature
f340,340,12,25,0,1,1,A- T+ P+,1,F,0.33,330,31,1.107717096,0,0,0,NA,f340,g340,NA,NA,Full of food,P3,G8,NA,Temperature_Parasite,25,Exposed,F,Temperature
f341,341,12,25,0,1,1,A- T+ P+,1,M,0.46,460,36,0.985939643,0,0,0,NA,f341,g341,NA,NA,Full of food,P3,H8,NA,Temperature_Parasite,25,Exposed,M,Temperature
f342,342,12,25,0,1,1,A- T+ P+,1,F,0.64,640,38,1.16635078,0,0,0,NA,f342,g342,NA,NA,NA,P3,A9,NA,Temperature_Parasite,25,Exposed,F,Temperature
f370,370,13,25,1,0,0,A+ T- P-,1,M,0.41,410,34.5,0.998450575,0,0,0,NA,f370,g370,NA,NA,NA,P3,B9,NA,Antibiotics,25,Unexposed,M,Antibiotics
f371,371,13,25,1,0,0,A+ T- P-,1,NA,0.62,620,38,1.129902318,0,0,0,"Fecal sample, weight, no gut sample",f371,g371,NA,NA,NA,P3,C9,NA,Antibiotics,25,Unexposed,NA,Antibiotics
f372,372,13,25,1,0,0,A+ T- P-,1,F,0.52,520,37,1.026592699,0,0,0,NA,f372,g372,NA,NA,NA,P3,D9,NA,Antibiotics,25,Unexposed,F,Antibiotics
f400,400,14,25,1,0,0,A+ T- P-,1,M,0.44,440,37,0.868655361,0,0,0,NA,f400,g400,NA,NA,NA,P3,E9,NA,Antibiotics,25,Unexposed,M,Antibiotics
f401,401,14,25,1,0,0,A+ T- P-,1,NA,0.68,680,38,1.239247704,0,0,0,"Fecal sample, weight, no gut sample",f401,g401,NA,NA,NA,P3,F9,NA,Antibiotics,25,Unexposed,NA,Antibiotics
f402,402,14,25,1,0,0,A+ T- P-,1,M,0.42,420,36,0.900205761,0,0,0,NA,f402,g402,NA,NA,NA,P3,G9,NA,Antibiotics,25,Unexposed,M,Antibiotics
f430,430,15,25,1,0,0,A+ T- P-,1,F,0.68,680,40,1.0625,0,0,0,NA,f430,g430,NA,NA,NA,P3,H9,NA,Antibiotics,25,Unexposed,F,Antibiotics
f431,431,15,25,1,0,0,A+ T- P-,1,M,0.42,420,36,0.900205761,0,0,0,NA,f431,g431,NA,NA,NA,P3,A10,NA,Antibiotics,25,Unexposed,M,Antibiotics
f432,432,15,25,1,0,0,A+ T- P-,1,NA,0.36,360,34,0.915937309,0,0,0,"Fecal sample, weight, no gut sample",f432,g432,NA,NA,NA,P3,B10,NA,Antibiotics,25,Unexposed,NA,Antibiotics
f460,460,16,25,1,0,1,A+ T- P+,1,F,0.85,850,41,1.233296093,0,0,0,NA,f460,g460,NA,NA,NA,P3,C10,NA,Antibiotics_Parasite,25,Exposed,F,Antibiotics
f461,461,16,25,1,0,1,A+ T- P+,1,M,0.33,330,38,0.601399621,0,0,1,"2 fish in one cup,might have swapped 461 with 251. Diff treatment",f461,g461,NA,NA,NA,P3,D10,NA,Antibiotics_Parasite,25,Exposed,M,Antibiotics
f462,462,16,25,1,0,1,A+ T- P+,1,M,0.4,400,34,1.017708121,0,0,0,NA,f462,g462,NA,NA,NA,P3,E10,NA,Antibiotics_Parasite,25,Exposed,M,Antibiotics
f490,490,17,25,1,0,1,A+ T- P+,1,M,0.38,380,34,0.966822715,0,0,0,NA,f490,g490,NA,NA,NA,P3,F10,NA,Antibiotics_Parasite,25,Exposed,M,Antibiotics
f491,491,17,25,1,0,1,A+ T- P+,1,F,0.65,650,37,1.283240874,0,0,0,NA,f491,g491,NA,NA,NA,P3,G10,NA,Antibiotics_Parasite,25,Exposed,F,Antibiotics
f492,492,17,25,1,0,1,A+ T- P+,1,M,0.39,390,35,0.909620991,0,0,0,NA,f492,g492,NA,NA,NA,P3,H10,NA,Antibiotics_Parasite,25,Exposed,M,Antibiotics
f520,520,18,25,1,0,1,A+ T- P+,1,F,0.54,540,36,1.157407407,0,0,0,NA,f520,g520,NA,NA,NA,P3,A11,NA,Antibiotics_Parasite,25,Exposed,F,Antibiotics
f521,521,18,25,1,0,1,A+ T- P+,1,F,0.49,490,35,1.142857143,0,0,0,NA,f521,g521,NA,NA,NA,P3,B11,NA,Antibiotics_Parasite,25,Exposed,F,Antibiotics
f522,522,18,25,1,0,1,A+ T- P+,1,NA,0.35,350,35,0.816326531,0,0,0,"Fecal sample, weight, no gut sample",f522,g522,NA,NA,NA,P3,C11,NA,Antibiotics_Parasite,25,Exposed,NA,Antibiotics
f550,550,19,25,1,1,0,A+ T+ P-,2,M,0.4,400,34,1.017708121,0,0,0,NA,f550,g550,NA,NA,NA,P3,D11,NA,Antibiotics_Temperature,25,Unexposed,M,Combined
f551,551,19,25,1,1,0,A+ T+ P-,2,M,0.31,310,33,0.862620697,0,0,0,NA,f551,g551,NA,NA,NA,P3,E11,NA,Antibiotics_Temperature,25,Unexposed,M,Combined
f552,552,19,25,1,1,0,A+ T+ P-,2,M,0.5,500,38,0.911211547,0,0,0,NA,f552,g552,NA,NA,NA,P3,F11,NA,Antibiotics_Temperature,25,Unexposed,M,Combined
f580,580,20,25,1,1,0,A+ T+ P-,2,M,0.33,330,33,0.918273646,0,0,0,NA,f580,g580,NA,NA,NA,P3,G11,NA,Antibiotics_Temperature,25,Unexposed,M,Combined
f581,581,20,25,1,1,0,A+ T+ P-,2,M,0.38,380,33,1.057406016,0,0,0,NA,f581,g581,NA,NA,NA,P3,H11,NA,Antibiotics_Temperature,25,Unexposed,M,Combined
f582,582,20,25,1,1,0,A+ T+ P-,2,F,0.48,480,37,0.94762403,0,0,0,NA,f582,g582,NA,NA,NA,P3,A12,NA,Antibiotics_Temperature,25,Unexposed,F,Combined
f610,610,21,25,1,1,0,A+ T+ P-,2,F,0.42,420,33,1.168711913,0,0,0,NA,f610,g610,NA,NA,Full of food,P3,B12,NA,Antibiotics_Temperature,25,Unexposed,F,Combined
f611,611,21,25,1,1,0,A+ T+ P-,2,M,0.48,480,37,0.94762403,0,0,0,NA,f611,g611,NA,NA,NA,P3,C12,NA,Antibiotics_Temperature,25,Unexposed,M,Combined
f612,612,21,25,1,1,0,A+ T+ P-,2,M,0.35,350,35,0.816326531,0,0,0,NA,f612,g612,NA,NA,NA,P3,D12,NA,Antibiotics_Temperature,25,Unexposed,M,Combined
f640,640,22,25,1,1,1,A+ T+ P+,2,M,0.37,370,34,0.941380012,0,0,0,NA,f640,g640,NA,NA,Full of food,P3,E12,NA,Antibiotics_Temperature_Parasite,25,Exposed,M,Combined
f641,641,22,25,1,1,1,A+ T+ P+,2,F,0.39,390,34,0.992265418,0,0,0,NA,f641,g641,NA,NA,NA,P3,F12,NA,Antibiotics_Temperature_Parasite,25,Exposed,F,Combined
f642,642,22,25,1,1,1,A+ T+ P+,2,M,0.37,370,34,0.941380012,0,0,0,NA,f642,g642,NA,NA,Full of food,P3,G12,NA,Antibiotics_Temperature_Parasite,25,Exposed,M,Combined
f670,670,23,25,1,1,1,A+ T+ P+,2,M,0.36,360,34,0.915937309,0,0,0,NA,f670,g670,NA,NA,Full of food,P4,B1,NA,Antibiotics_Temperature_Parasite,25,Exposed,M,Combined
f671,671,23,25,1,1,1,A+ T+ P+,2,NA,0.33,330,33,0.918273646,0,0,0,"Fecal sample, weight, no gut sample",f671,g671,NA,NA,NA,P4,C1,NA,Antibiotics_Temperature_Parasite,25,Exposed,NA,Combined
f672,672,23,25,1,1,1,A+ T+ P+,2,M,NA,0,NA,#DIV/0!,0,0,0,"Fecal sample, no weight, gut sample confirm",f672,g672,NA,NA,NA,P4,D1,NA,Antibiotics_Temperature_Parasite,25,Exposed,M,Combined
f700,700,24,25,1,1,1,A+ T+ P+,2,F,0.47,470,35,1.096209913,0,0,0,NA,f700,g700,NA,NA,NA,P4,E1,NA,Antibiotics_Temperature_Parasite,25,Exposed,F,Combined
f701,701,24,25,1,1,1,A+ T+ P+,2,M,0.47,470,37,0.927881863,0,0,0,NA,f701,g701,NA,NA,Full of food,P4,F1,NA,Antibiotics_Temperature_Parasite,25,Exposed,M,Combined
f702,702,24,25,1,1,1,A+ T+ P+,2,M,0.4,400,35,0.932944606,0,0,0,NA,f702,g702,NA,NA,Full of food,P4,G1,NA,Antibiotics_Temperature_Parasite,25,Exposed,M,Combined
f16,16,1,60,0,0,0,A- T- P-,0,M,0.36,360,31,1.20841865,0,0,0,NA,f16,g16,NA,NA,NA,P4,H1,NA,Control,60,Unexposed,M,No prior stressor(s)
f17,17,1,60,0,0,0,A- T- P-,0,F,0.47,470,35,1.096209913,0,0,0,NA,f17,g17,NA,NA,NA,P4,A2,NA,Control,60,Unexposed,F,No prior stressor(s)
f18,18,1,60,0,0,0,A- T- P-,0,F,0.51,510,35,1.189504373,0,0,0,NA,f18,g18,NA,NA,In tube 80,P4,B2,NA,Control,60,Unexposed,F,No prior stressor(s)
f19,19,1,60,0,0,0,A- T- P-,0,F,0.46,460,36,0.985939643,0,0,0,NA,f19,g19,NA,NA,NA,P4,C2,NA,Control,60,Unexposed,F,No prior stressor(s)
f20,20,1,60,0,0,0,A- T- P-,0,M,0.3,300,30,1.111111111,0,0,0,NA,f20,g20,NA,NA,NA,P4,D2,NA,Control,60,Unexposed,M,No prior stressor(s)
f46,46,2,60,0,0,0,A- T- P-,0,F,0.84,840,40,1.3125,0,0,0,NA,f46,g46,NA,NA,NA,P4,E2,NA,Control,60,Unexposed,F,No prior stressor(s)
f47,47,2,60,0,0,0,A- T- P-,0,F,0.9,900,41,1.305842922,0,0,0,NA,f47,g47,NA,NA,NA,P4,F2,NA,Control,60,Unexposed,F,No prior stressor(s)
f48,48,2,60,0,0,0,A- T- P-,0,M,0.34,340,35,0.793002915,0,0,0,NA,f48,g48,NA,NA,NA,P4,G2,NA,Control,60,Unexposed,M,No prior stressor(s)
f49,49,2,60,0,0,0,A- T- P-,0,F,0.7,700,39,1.180060352,0,0,0,NA,f49,g49,NA,NA,NA,P4,H2,NA,Control,60,Unexposed,F,No prior stressor(s)
f50,50,2,60,0,0,0,A- T- P-,0,F,0.69,690,40,1.078125,0,0,0,NA,f50,g50,NA,NA,NA,P4,A3,NA,Control,60,Unexposed,F,No prior stressor(s)
f76,76,3,60,0,0,0,A- T- P-,0,M,0.46,460,36,0.985939643,0,0,0,NA,f76,g76,NA,NA,Guts full of fish eggs,P4,B3,NA,Control,60,Unexposed,M,No prior stressor(s)
f77,77,3,60,0,0,0,A- T- P-,0,M,0.51,510,37,1.006850532,0,0,0,NA,f77,g77,NA,NA,NA,P4,C3,NA,Control,60,Unexposed,M,No prior stressor(s)
f78,78,3,60,0,0,0,A- T- P-,0,M,0.42,420,34,1.068593527,0,0,0,NA,f78,g78,NA,NA,No Gut,P4,D3,NA,Control,60,Unexposed,M,No prior stressor(s)
f79,79,3,60,0,0,0,A- T- P-,0,M,0.44,440,35,1.026239067,0,0,0,NA,f79,g79,NA,NA,NA,P4,E3,NA,Control,60,Unexposed,M,No prior stressor(s)
f80,80,3,60,0,0,0,A- T- P-,0,F,0.54,540,31,1.812627975,0,0,0,NA,f80,g80,NA,NA,In tube 18,P4,F3,NA,Control,60,Unexposed,F,No prior stressor(s)
f106,106,4,60,0,0,1,A- T- P+,0,F,0.31,310,32,0.946044922,0,3,0,NA,f106,g106,3,0,3 Worms,P4,G3,NA,Parasite,60,Exposed,F,No prior stressor(s)
f107,107,4,60,0,0,1,A- T- P+,0,M,0.34,340,34,0.865051903,0,0,0,NA,f107,g107,NA,NA,NA,P4,H3,NA,Parasite,60,Exposed,M,No prior stressor(s)
f108,108,4,60,0,0,1,A- T- P+,0,F,0.55,550,38,1.002332702,0,1,0,NA,f108,g108,1,0,1 Worm,P4,A4,NA,Parasite,60,Exposed,F,No prior stressor(s)
f109,109,4,60,0,0,1,A- T- P+,0,M,0.37,370,34,0.941380012,0,5,0,NA,f109,g109,5,0,5 Worms,P4,B4,NA,Parasite,60,Exposed,M,No prior stressor(s)
f110,110,4,60,0,0,1,A- T- P+,0,M,0.38,380,34,0.966822715,0,0,0,NA,f110,g110,NA,NA,NA,P4,C4,NA,Parasite,60,Exposed,M,No prior stressor(s)
f138,138,5,60,0,0,1,A- T- P+,0,NA,NA,0,NA,#DIV/0!,0,0,0,"Fecal sample, no weight, no gut sample",f138,g138,NA,NA,NA,P4,D4,NA,Parasite,60,Exposed,NA,No prior stressor(s)
f139,139,5,60,0,0,1,A- T- P+,0,F,0.4,400,34,1.017708121,0,2,0,NA,f139,g139,2,0,2 Worms,P4,E4,NA,Parasite,60,Exposed,F,No prior stressor(s)
f140,140,5,60,0,0,1,A- T- P+,0,M,0.42,420,35,0.979591837,0,2,0,NA,f140,g140,2,0,2 Worms,P4,F4,NA,Parasite,60,Exposed,M,No prior stressor(s)
f166,166,6,60,0,0,1,A- T- P+,0,M,0.35,350,34,0.890494606,0,1,0,NA,f166,g166,0,1,1 Larvae,P4,G4,NA,Parasite,60,Exposed,M,No prior stressor(s)
f167,167,6,60,0,0,1,A- T- P+,0,M,0.47,470,36,1.007373114,0,2,0,NA,f167,g167,2,0,2 Worms,P4,H4,NA,Parasite,60,Exposed,M,No prior stressor(s)
f168,168,6,60,0,0,1,A- T- P+,0,M,0.48,480,35,1.119533528,0,16,0,NA,f168,g168,16,0,16 Worms,P4,A5,NA,Parasite,60,Exposed,M,No prior stressor(s)
f169,169,6,60,0,0,1,A- T- P+,0,F,0.63,630,39,1.062054316,0,8,0,NA,f169,g169,8,0,8 Worms,P4,B5,NA,Parasite,60,Exposed,F,No prior stressor(s)
f170,170,6,60,0,0,1,A- T- P+,0,M,0.55,550,37,1.085819201,0,2,0,NA,f170,g170,2,0,2 Worms,P4,C5,NA,Parasite,60,Exposed,M,No prior stressor(s)
f196,196,7,60,0,1,0,A- T+ P-,1,F,0.28,280,34,0.712395685,0,0,0,NA,f196,g196,NA,NA,NA,P4,D5,NA,Temperature,60,Unexposed,F,Temperature
f197,197,7,60,0,1,0,A- T+ P-,1,M,0.5,500,35,1.166180758,0,0,0,NA,f197,g197,NA,NA,NA,P4,E5,NA,Temperature,60,Unexposed,M,Temperature
f198,198,7,60,0,1,0,A- T+ P-,1,F,0.56,560,36,1.200274348,0,0,0,NA,f198,g198,NA,NA,NA,P4,F5,NA,Temperature,60,Unexposed,F,Temperature
f199,199,7,60,0,1,0,A- T+ P-,1,M,0.45,450,36,0.964506173,0,0,0,NA,f199,g199,NA,NA,NA,P4,G5,NA,Temperature,60,Unexposed,M,Temperature
f200,200,7,60,0,1,0,A- T+ P-,1,F,0.3,300,34,0.763281091,0,0,0,NA,f200,g200,NA,NA,NA,P4,H5,NA,Temperature,60,Unexposed,F,Temperature
f226,226,8,60,0,1,0,A- T+ P-,1,F,0.52,520,35,1.212827988,0,0,0,NA,f226,g226,NA,NA,NA,P4,A6,NA,Temperature,60,Unexposed,F,Temperature
f227,227,8,60,0,1,0,A- T+ P-,1,M,0.37,370,33,1.029579542,0,0,0,NA,f227,g227,NA,NA,"No Gut, Liver Only",P4,B6,NA,Temperature,60,Unexposed,M,Temperature
f228,228,8,60,0,1,0,A- T+ P-,1,F,0.51,510,34,1.297577855,0,0,0,NA,f228,g228,NA,NA,NA,P4,C6,NA,Temperature,60,Unexposed,F,Temperature
f229,229,8,60,0,1,0,A- T+ P-,1,M,0.46,460,35,1.072886297,0,0,0,NA,f229,g229,NA,NA,NA,P4,D6,NA,Temperature,60,Unexposed,M,Temperature
f230,230,8,60,0,1,0,A- T+ P-,1,F,0.57,570,38,1.038781163,0,0,0,NA,f230,g230,NA,NA,NA,P4,E6,NA,Temperature,60,Unexposed,F,Temperature
f256,256,9,60,0,1,0,A- T+ P-,1,F,0.39,390,33,1.08523249,0,0,0,NA,f256,g256,NA,NA,NA,P4,F6,NA,Temperature,60,Unexposed,F,Temperature
f257,257,9,60,0,1,0,A- T+ P-,1,M,0.41,410,34,1.043150824,0,0,0,NA,f257,g257,NA,NA,Half Gut,P4,G6,NA,Temperature,60,Unexposed,M,Temperature
f258,258,9,60,0,1,0,A- T+ P-,1,M,0.44,440,34,1.119478933,0,0,0,NA,f258,g258,NA,NA,NA,P4,H6,NA,Temperature,60,Unexposed,M,Temperature
f259,259,9,60,0,1,0,A- T+ P-,1,F,0.41,410,31,1.376254574,0,0,0,NA,f259,g259,NA,NA,NA,P4,A7,NA,Temperature,60,Unexposed,F,Temperature
f260,260,9,60,0,1,0,A- T+ P-,1,F,NA,0,38,0,0,0,0,"Fecal sample, no weight",f260,g260,NA,NA,NA,P4,B7,NA,Temperature,60,Unexposed,F,Temperature
f286,286,10,60,0,1,1,A- T+ P+,1,M,0.36,360,35,0.839650146,0,4,0,81?,f286,g286,4,0,4 Worms,P4,C7,NA,Temperature_Parasite,60,Exposed,M,Temperature
f287,287,10,60,0,1,1,A- T+ P+,1,F,0.57,570,39,0.960906286,0,15,0,NA,f287,g287,15,0,15 Worms,P4,D7,NA,Temperature_Parasite,60,Exposed,F,Temperature
f288,288,10,60,0,1,1,A- T+ P+,1,F,0.43,430,36,0.921639232,0,0,0,NA,f288,g288,NA,NA,NA,P4,E7,NA,Temperature_Parasite,60,Exposed,F,Temperature
f289,289,10,60,0,1,1,A- T+ P+,1,M,0.38,380,35,0.886297376,0,0,0,NA,f289,g289,NA,NA,NA,P4,F7,NA,Temperature_Parasite,60,Exposed,M,Temperature
f290,290,10,60,0,1,1,A- T+ P+,1,F,0.43,430,35,1.002915452,0,4,0,NA,f290,g290,4,0,4 Worms,P4,G7,NA,Temperature_Parasite,60,Exposed,F,Temperature
f316,316,11,60,0,1,1,A- T+ P+,1,M,0.35,350,34,0.890494606,0,0,0,NA,f316,g316,NA,NA,NA,P4,H7,NA,Temperature_Parasite,60,Exposed,M,Temperature
f317,317,11,60,0,1,1,A- T+ P+,1,F,0.58,580,38,1.057005394,0,0,0,NA,f317,g317,NA,NA,NA,P4,A8,NA,Temperature_Parasite,60,Exposed,F,Temperature
f318,318,11,60,0,1,1,A- T+ P+,1,M,0.42,420,35,0.979591837,0,0,0,NA,f318,g318,NA,NA,NA,P4,B8,NA,Temperature_Parasite,60,Exposed,M,Temperature
f319,319,11,60,0,1,1,A- T+ P+,1,F,0.46,460,34,1.17036434,0,2,0,NA,f319,g319,2,0,2 Worms,P4,C8,NA,Temperature_Parasite,60,Exposed,F,Temperature
f320,320,11,60,0,1,1,A- T+ P+,1,NA,0.46,460,35,1.072886297,0,0,0,"Fecal sample, weight, no sex",f320,g320,NA,NA,Sex not written,P4,D8,NA,Temperature_Parasite,60,Exposed,NA,Temperature
f346,346,12,60,0,1,1,A- T+ P+,1,F,0.42,420,36,0.900205761,0,2,0,NA,f346,g346,0,2,2 Larvae,P4,E8,NA,Temperature_Parasite,60,Exposed,F,Temperature
f347,347,12,60,0,1,1,A- T+ P+,1,M,0.31,310,33,0.862620697,0,3,0,NA,f347,g347,3,0,3 Worms,P4,F8,NA,Temperature_Parasite,60,Exposed,M,Temperature
f348,348,12,60,0,1,1,A- T+ P+,1,M,0.23,230,34,0.58518217,0,14,0,NA,f348,g348,14,0,14 Worms,P4,G8,NA,Temperature_Parasite,60,Exposed,M,Temperature
f349,349,12,60,0,1,1,A- T+ P+,1,M,0.41,410,36,0.878772291,0,6,0,NA,f349,g349,6,0,6 Worms,P4,H8,NA,Temperature_Parasite,60,Exposed,M,Temperature
f350,350,12,60,0,1,1,A- T+ P+,1,F,0.57,570,36,1.221707819,0,13,0,NA,f350,g350,13,0,13 Worms,P4,A9,NA,Temperature_Parasite,60,Exposed,F,Temperature
f376,376,13,60,1,0,0,A+ T- P-,1,F,0.86,860,37,1.697826387,0,0,0,NA,f376,g376,NA,NA,NA,P4,B9,NA,Antibiotics,60,Unexposed,F,Antibiotics
f377,377,13,60,1,0,0,A+ T- P-,1,F,0.65,650,36,1.393175583,0,0,0,NA,f377,g377,NA,NA,NA,P4,C9,NA,Antibiotics,60,Unexposed,F,Antibiotics
f378,378,13,60,1,0,0,A+ T- P-,1,F,0.75,750,39,1.264350377,0,0,0,NA,f378,g378,NA,NA,NA,P4,D9,NA,Antibiotics,60,Unexposed,F,Antibiotics
f379,379,13,60,1,0,0,A+ T- P-,1,F,0.62,620,36,1.328875171,0,0,0,NA,f379,g379,NA,NA,NA,P4,E9,NA,Antibiotics,60,Unexposed,F,Antibiotics
f380,380,13,60,1,0,0,A+ T- P-,1,F,0.25,250,35,0.583090379,0,0,0,NA,f380,g380,NA,NA,NA,P4,F9,NA,Antibiotics,60,Unexposed,F,Antibiotics
f406,406,14,60,1,0,0,A+ T- P-,1,F,0.61,610,39,1.028338306,0,0,0,NA,f406,g406,NA,NA,NA,P4,G9,NA,Antibiotics,60,Unexposed,F,Antibiotics
f407,407,14,60,1,0,0,A+ T- P-,1,F,0.65,650,39,1.095770327,0,0,0,NA,f407,g407,NA,NA,NA,P4,H9,NA,Antibiotics,60,Unexposed,F,Antibiotics
f408,408,14,60,1,0,0,A+ T- P-,1,F,0.68,680,38,1.239247704,0,0,0,NA,f408,g408,NA,NA,NA,P4,A10,NA,Antibiotics,60,Unexposed,F,Antibiotics
f409,409,14,60,1,0,0,A+ T- P-,1,M,0.47,470,36,1.007373114,0,0,0,NA,f409,g409,NA,NA,NA,P4,B10,NA,Antibiotics,60,Unexposed,M,Antibiotics
f410,410,14,60,1,0,0,A+ T- P-,1,F,0.7,700,39,1.180060352,0,0,0,NA,f410,g410,NA,NA,Swapped with 440,P4,C10,NA,Antibiotics,60,Unexposed,F,Antibiotics
f436,436,15,60,1,0,0,A+ T- P-,1,M,0.55,550,36,1.178840878,0,0,0,NA,f436,g436,NA,NA,NA,P4,D10,NA,Antibiotics,60,Unexposed,M,Antibiotics
f437,437,15,60,1,0,0,A+ T- P-,1,M,0.39,390,36,0.83590535,0,0,0,NA,f437,g437,NA,NA,NA,P4,E10,NA,Antibiotics,60,Unexposed,M,Antibiotics
f438,438,15,60,1,0,0,A+ T- P-,1,M,0.43,430,35,1.002915452,0,0,0,NA,f438,g438,NA,NA,NA,P4,F10,NA,Antibiotics,60,Unexposed,M,Antibiotics
f439,439,15,60,1,0,0,A+ T- P-,1,M,0.52,520,36,1.114540466,0,0,0,NA,f439,g439,NA,NA,NA,P4,G10,NA,Antibiotics,60,Unexposed,M,Antibiotics
f440,440,15,60,1,0,0,A+ T- P-,1,F,0.69,690,39,1.163202347,0,0,0,NA,f440,g440,NA,NA,Swapped with 410,P4,H10,NA,Antibiotics,60,Unexposed,F,Antibiotics
f466,466,16,60,1,0,1,A+ T- P+,1,F,0.39,390,35,0.909620991,0,0,0,NA,f466,g466,NA,NA,NA,P4,A11,NA,Antibiotics_Parasite,60,Exposed,F,Antibiotics
f467,467,16,60,1,0,1,A+ T- P+,1,F,0.45,450,34,1.144921636,0,1,0,NA,f467,g467,1,0,1 Worm,P4,B11,NA,Antibiotics_Parasite,60,Exposed,F,Antibiotics
f468,468,16,60,1,0,1,A+ T- P+,1,M,0.42,420,35,0.979591837,0,2,0,NA,f468,g468,2,0,2 Worms,P4,C11,NA,Antibiotics_Parasite,60,Exposed,M,Antibiotics
f469,469,16,60,1,0,1,A+ T- P+,1,F,0.42,420,34,1.068593527,0,0,0,NA,f469,g469,NA,NA,NA,P4,D11,NA,Antibiotics_Parasite,60,Exposed,F,Antibiotics
f470,470,16,60,1,0,1,A+ T- P+,1,M,0.3,300,34,0.763281091,0,1,0,NA,f470,g470,1,0,1 Worm,P4,E11,NA,Antibiotics_Parasite,60,Exposed,M,Antibiotics
f496,496,17,60,1,0,1,A+ T- P+,1,M,0.16,160,30,0.592592593,0,0,0,NA,f496,g496,NA,NA,NA,P4,F11,NA,Antibiotics_Parasite,60,Exposed,M,Antibiotics
f497,497,17,60,1,0,1,A+ T- P+,1,M,0.49,490,36,1.050240055,0,3,0,NA,f497,g497,3,0,3 Worms,P4,G11,NA,Antibiotics_Parasite,60,Exposed,M,Antibiotics
f498,498,17,60,1,0,1,A+ T- P+,1,F,0.31,310,35,0.72303207,0,11,0,NA,f498,g498,11,0,11 worms,P4,H11,NA,Antibiotics_Parasite,60,Exposed,F,Antibiotics
f499,499,17,60,1,0,1,A+ T- P+,1,F,0.5,500,37,0.987108365,0,0,0,NA,f499,g499,NA,NA,NA,P4,A12,NA,Antibiotics_Parasite,60,Exposed,F,Antibiotics
f500,500,17,60,1,0,1,A+ T- P+,1,F,0.57,570,39,0.960906286,0,0,0,NA,f500,g500,NA,NA,NA,P4,B12,NA,Antibiotics_Parasite,60,Exposed,F,Antibiotics
f526,526,18,60,1,0,1,A+ T- P+,1,F,0.4,400,34,1.017708121,0,0,0,NA,f526,g526,NA,NA,NA,P4,C12,NA,Antibiotics_Parasite,60,Exposed,F,Antibiotics
f527,527,18,60,1,0,1,A+ T- P+,1,M,0.44,440,30,1.62962963,0,0,0,NA,f527,g527,NA,NA,NA,P4,D12,NA,Antibiotics_Parasite,60,Exposed,M,Antibiotics
f528,528,18,60,1,0,1,A+ T- P+,1,M,0.51,510,35,1.189504373,0,1,0,NA,f528,g528,1,0,1 Worm,P4,E12,NA,Antibiotics_Parasite,60,Exposed,M,Antibiotics
f529,529,18,60,1,0,1,A+ T- P+,1,M,0.31,310,35,0.72303207,0,0,0,NA,f529,g529,NA,NA,NA,P4,F12,NA,Antibiotics_Parasite,60,Exposed,M,Antibiotics
f530,530,18,60,1,0,1,A+ T- P+,1,NA,NA,0,38,0,NA,0,0,"Fecal sample, no weight, no gut sample",f530,g530,NA,NA,NA,P4,G12,NA,Antibiotics_Parasite,60,Exposed,NA,Antibiotics
f556,556,19,60,1,1,0,A+ T+ P-,2,F,0.69,690,38,1.257471935,0,0,0,NA,f556,g556,NA,NA,NA,P5,B1,NA,Antibiotics_Temperature,60,Unexposed,F,Combined
f557,557,19,60,1,1,0,A+ T+ P-,2,F,0.56,560,36,1.200274348,0,0,0,NA,f557,g557,NA,NA,NA,P5,C1,NA,Antibiotics_Temperature,60,Unexposed,F,Combined
f558,558,19,60,1,1,0,A+ T+ P-,2,M,0.49,490,35,1.142857143,0,0,0,NA,f558,g558,NA,NA,NA,P5,D1,NA,Antibiotics_Temperature,60,Unexposed,M,Combined
f559,559,19,60,1,1,0,A+ T+ P-,2,F,0.75,750,39,1.264350377,0,0,0,NA,f559,g559,NA,NA,NA,P5,E1,NA,Antibiotics_Temperature,60,Unexposed,F,Combined
f560,560,19,60,1,1,0,A+ T+ P-,2,F,0.8,800,49,0.67998878,0,0,0,NA,f560,g560,NA,NA,NA,P5,F1,NA,Antibiotics_Temperature,60,Unexposed,F,Combined
f586,586,20,60,1,1,0,A+ T+ P-,2,F,0.6,600,35,1.39941691,0,0,0,NA,f586,g586,NA,NA,NA,P5,G1,NA,Antibiotics_Temperature,60,Unexposed,F,Combined
f616,616,21,60,1,1,0,A+ T+ P-,2,F,0.55,550,35,1.282798834,0,0,0,NA,f616,g616,NA,NA,NA,P5,H1,NA,Antibiotics_Temperature,60,Unexposed,F,Combined
f617,617,21,60,1,1,0,A+ T+ P-,2,F,0.63,630,37,1.24375654,0,0,0,NA,f617,g617,NA,NA,NA,P5,A2,NA,Antibiotics_Temperature,60,Unexposed,F,Combined
f618,618,21,60,1,1,0,A+ T+ P-,2,F,0.95,950,41,1.378389751,0,0,0,NA,f618,g618,NA,NA,NA,P5,B2,NA,Antibiotics_Temperature,60,Unexposed,F,Combined
f619,619,21,60,1,1,0,A+ T+ P-,2,M,0.43,430,34,1.09403623,0,0,0,NA,f619,g619,NA,NA,NA,P5,C2,NA,Antibiotics_Temperature,60,Unexposed,M,Combined
f620,620,21,60,1,1,0,A+ T+ P-,2,F,0.43,430,33,1.196538387,0,0,0,NA,f620,g620,NA,NA,NA,P5,D2,NA,Antibiotics_Temperature,60,Unexposed,F,Combined
f646,646,22,60,1,1,1,A+ T+ P+,2,M,0.36,360,34,0.915937309,0,0,0,NA,f646,g646,NA,NA,NA,P5,E2,NA,Antibiotics_Temperature_Parasite,60,Exposed,M,Combined
f647,647,22,60,1,1,1,A+ T+ P+,2,F,0.61,610,35,1.422740525,0,0,0,NA,f647,g647,NA,NA,NA,P5,F2,NA,Antibiotics_Temperature_Parasite,60,Exposed,F,Combined
f648,648,22,60,1,1,1,A+ T+ P+,2,M,0.33,330,34,0.8396092,0,0,0,NA,f648,g648,NA,NA,NA,P5,G2,NA,Antibiotics_Temperature_Parasite,60,Exposed,M,Combined
f649,649,22,60,1,1,1,A+ T+ P+,2,F,0.62,620,38,1.129902318,0,0,0,NA,f649,g649,NA,NA,NA,P5,H2,NA,Antibiotics_Temperature_Parasite,60,Exposed,F,Combined
f650,650,22,60,1,1,1,A+ T+ P+,2,M,0.46,460,31,1.544090497,0,0,0,NA,f650,g650,NA,NA,NA,P5,A3,NA,Antibiotics_Temperature_Parasite,60,Exposed,M,Combined
f676,676,23,60,1,1,1,A+ T+ P+,2,F,0.53,530,67,0.176218484,0,0,0,NA,f676,g676,NA,NA,Swapped w/ 679,P5,B3,NA,Antibiotics_Temperature_Parasite,60,Exposed,F,Combined
f677,677,23,60,1,1,1,A+ T+ P+,2,F,0.55,550,35,1.282798834,0,0,0,NA,f677,g677,NA,NA,NA,P5,C3,NA,Antibiotics_Temperature_Parasite,60,Exposed,F,Combined
f678,678,23,60,1,1,1,A+ T+ P+,2,F,0.64,640,39,1.078912322,0,0,0,NA,f678,g678,NA,NA,NA,P5,D3,NA,Antibiotics_Temperature_Parasite,60,Exposed,F,Combined
f679,679,23,60,1,1,1,A+ T+ P+,2,F,0.45,450,35,1.049562682,0,10,0,NA,f679,g679,10,0,10 Worms,P5,E3,NA,Antibiotics_Temperature_Parasite,60,Exposed,F,Combined
f680,680,23,60,1,1,1,A+ T+ P+,2,NA,0.51,510,33,1.419150179,0,0,0,"Fecal sample, weight, no gut sample",f680,g680,NA,NA,NA,P5,F3,NA,Antibiotics_Temperature_Parasite,60,Exposed,NA,Combined
f706,706,24,60,1,1,1,A+ T+ P+,2,F,0.31,310,33,0.862620697,0,9,0,NA,f706,g706,9,0,9 Worms,P5,G3,NA,Antibiotics_Temperature_Parasite,60,Exposed,F,Combined
f707,707,24,60,1,1,1,A+ T+ P+,2,M,0.43,430,35,1.002915452,0,6,0,NA,f707,g707,6,0,6 Worms,P5,H3,NA,Antibiotics_Temperature_Parasite,60,Exposed,M,Combined
f708,708,24,60,1,1,1,A+ T+ P+,2,F,0.6,600,40,0.9375,0,1,0,NA,f708,g708,1,0,1 Worm,P5,A4,NA,Antibiotics_Temperature_Parasite,60,Exposed,F,Combined
f710,710,24,60,1,1,1,A+ T+ P+,2,M,0.42,420,35,0.979591837,0,16,0,NA,f710,g710,16,0,16 Worms,P5,B4,NA,Antibiotics_Temperature_Parasite,60,Exposed,M,Combined
f13,13,1,29,0,0,0,A- T- P-,0,M,0.43,430,34,1.09403623,0,0,0,NA,f13,g13,NA,NA,NA,P5,C4,NA,Control,29,Unexposed,M,No prior stressor(s)
f14,14,1,29,0,0,0,A- T- P-,0,F,0.59,590,36,1.26457476,0,0,0,NA,f14,g14,NA,NA,NA,P5,D4,NA,Control,29,Unexposed,F,No prior stressor(s)
f15,15,1,29,0,0,0,A- T- P-,0,M,0.36,360,33,1.001753068,0,0,0,NA,f15,g15,NA,NA,NA,P5,E4,NA,Control,29,Unexposed,M,No prior stressor(s)
f43,43,2,29,0,0,0,A- T- P-,0,F,0.46,460,35,1.072886297,0,0,0,NA,f43,g43,NA,NA,No Food,P5,F4,NA,Control,29,Unexposed,F,No prior stressor(s)
f44,44,2,29,0,0,0,A- T- P-,0,F,0.55,550,37,1.085819201,0,0,0,NA,f44,g44,NA,NA,NA,P5,G4,NA,Control,29,Unexposed,F,No prior stressor(s)
f45,45,2,29,0,0,0,A- T- P-,0,F,0.68,680,37,1.342467376,0,0,0,NA,f45,g45,NA,NA,NA,P5,H4,NA,Control,29,Unexposed,F,No prior stressor(s)
f73,73,3,29,0,0,0,A- T- P-,0,M,0.4,400,34,1.017708121,0,0,0,NA,f73,g73,NA,NA,NA,P5,A5,NA,Control,29,Unexposed,M,No prior stressor(s)
f74,74,3,29,0,0,0,A- T- P-,0,M,0.33,330,33,0.918273646,0,0,0,NA,f74,g74,NA,NA,NA,P5,B5,NA,Control,29,Unexposed,M,No prior stressor(s)
f75,75,3,29,0,0,0,A- T- P-,0,F,0.34,340,34,0.865051903,0,0,0,NA,f75,g75,NA,NA,NA,P5,C5,NA,Control,29,Unexposed,F,No prior stressor(s)
f103,103,4,29,0,0,1,A- T- P+,0,M,0.42,420,35,0.979591837,0,0,0,NA,f103,g103,NA,NA,NA,P5,D5,NA,Parasite,29,Exposed,M,No prior stressor(s)
f104,104,4,29,0,0,1,A- T- P+,0,M,0.32,320,33,0.890447171,0,0,0,NA,f104,g104,NA,NA,NA,P5,E5,NA,Parasite,29,Exposed,M,No prior stressor(s)
f105,105,4,29,0,0,1,A- T- P+,0,M,0.45,450,36,0.964506173,0,0,0,NA,f105,g105,NA,NA,Full Gut,P5,F5,NA,Parasite,29,Exposed,M,No prior stressor(s)
f133,133,5,29,0,0,1,A- T- P+,0,F,0.45,450,35,1.049562682,0,0,0,NA,f133,g133,NA,NA,NA,P5,G5,NA,Parasite,29,Exposed,F,No prior stressor(s)
f134,134,5,29,0,0,1,A- T- P+,0,M,0.37,370,32,1.129150391,0,0,0,NA,f134,g134,NA,NA,NA,P5,H5,NA,Parasite,29,Exposed,M,No prior stressor(s)
f135,135,5,29,0,0,1,A- T- P+,0,M,0.48,480,36,1.028806584,0,0,0,NA,f135,g135,NA,NA,NA,P5,A6,NA,Parasite,29,Exposed,M,No prior stressor(s)
f163,163,6,29,0,0,1,A- T- P+,0,F,0.58,580,36,1.243141289,0,0,0,NA,f163,g163,NA,NA,NA,P5,B6,NA,Parasite,29,Exposed,F,No prior stressor(s)
f164,164,6,29,0,0,1,A- T- P+,0,F,0.55,550,37,1.085819201,0,0,0,NA,f164,g164,NA,NA,NA,P5,C6,NA,Parasite,29,Exposed,F,No prior stressor(s)
f165,165,6,29,0,0,1,A- T- P+,0,F,0.48,480,35,1.119533528,0,0,0,NA,f165,g165,NA,NA,NA,P5,D6,NA,Parasite,29,Exposed,F,No prior stressor(s)
f193,193,7,29,0,1,0,A- T+ P-,1,M,0.37,370,33,1.029579542,0,0,0,NA,f193,g193,NA,NA,NA,P5,E6,NA,Temperature,29,Unexposed,M,Temperature
f194,194,7,29,0,1,0,A- T+ P-,1,F,0.55,550,39,0.927190276,0,0,0,NA,f194,g194,NA,NA,NA,P5,F6,NA,Temperature,29,Unexposed,F,Temperature
f195,195,7,29,0,1,0,A- T+ P-,1,F,0.6,600,35,1.39941691,0,0,0,NA,f195,g195,NA,NA,NA,P5,G6,NA,Temperature,29,Unexposed,F,Temperature
f223,223,8,29,0,1,0,A- T+ P-,1,M,0.35,350,33,0.973926594,0,0,0,NA,f223,g223,NA,NA,Minimal Gut Material,P5,H6,NA,Temperature,29,Unexposed,M,Temperature
f224,224,8,29,0,1,0,A- T+ P-,1,M,0.31,310,33.5,0.824569512,0,0,0,NA,f224,g224,NA,NA,Minimal Gut Material,P5,A7,NA,Temperature,29,Unexposed,M,Temperature
f225,225,8,29,0,1,0,A- T+ P-,1,M,0.39,390,55.5,0.228131711,0,0,0,NA,f225,g225,NA,NA,NA,P5,B7,NA,Temperature,29,Unexposed,M,Temperature
f253,253,9,29,0,1,0,A- T+ P-,1,F,0.52,520,36,1.114540466,0,0,0,NA,f253,g253,NA,NA,NA,P5,C7,NA,Temperature,29,Unexposed,F,Temperature
f254,254,9,29,0,1,0,A- T+ P-,1,F,0.5,500,37,0.987108365,0,0,0,NA,f254,g254,NA,NA,Switched Tubes with 374,P5,D7,NA,Temperature,29,Unexposed,F,Temperature
f255,255,9,29,0,1,0,A- T+ P-,1,M,0.47,470,35,1.096209913,0,0,0,NA,f255,g255,NA,NA,NA,P5,E7,NA,Temperature,29,Unexposed,M,Temperature
f283,283,10,29,0,1,1,A- T+ P+,1,M,0.35,350,33,0.973926594,0,0,0,NA,f283,g283,NA,NA,NA,P5,F7,NA,Temperature_Parasite,29,Exposed,M,Temperature
f284,284,10,29,0,1,1,A- T+ P+,1,M,0.5,500,38,0.911211547,0,0,0,NA,f284,g284,NA,NA,NA,P5,G7,NA,Temperature_Parasite,29,Exposed,M,Temperature
f285,285,10,29,0,1,1,A- T+ P+,1,F,0.4,400,35,0.932944606,0,0,0,NA,f285,g285,NA,NA,NA,P5,H7,NA,Temperature_Parasite,29,Exposed,F,Temperature
f313,313,11,29,0,1,1,A- T+ P+,1,F,0.49,490,36,1.050240055,0,0,0,NA,f313,g313,NA,NA,NA,P5,A8,NA,Temperature_Parasite,29,Exposed,F,Temperature
f314,314,11,29,0,1,1,A- T+ P+,1,M,0.36,360,33,1.001753068,0,0,0,NA,f314,g314,NA,NA,NA,P5,B8,NA,Temperature_Parasite,29,Exposed,M,Temperature
f315,315,11,29,0,1,1,A- T+ P+,1,M,0.35,350,34,0.890494606,0,0,0,NA,f315,g315,NA,NA,NA,P5,C8,NA,Temperature_Parasite,29,Exposed,M,Temperature
f343,343,12,29,0,1,1,A- T+ P+,1,F,0.44,440,34,1.119478933,0,0,0,NA,f343,g343,NA,NA,NA,P5,D8,NA,Temperature_Parasite,29,Exposed,F,Temperature
f344,344,12,29,0,1,1,A- T+ P+,1,F,0.54,540,39,0.910332271,0,0,0,NA,f344,g344,NA,NA,NA,P5,E8,NA,Temperature_Parasite,29,Exposed,F,Temperature
f345,345,12,29,0,1,1,A- T+ P+,1,F,0.22,220,29,0.902046004,0,0,0,NA,f345,g345,NA,NA,NA,P5,F8,NA,Temperature_Parasite,29,Exposed,F,Temperature
f373,373,13,29,1,0,0,A+ T- P-,1,F,0.44,440,33,1.224364861,0,0,0,NA,f373,g373,NA,NA,NA,P5,G8,NA,Antibiotics,29,Unexposed,F,Antibiotics
f374,374,13,29,1,0,0,A+ T- P-,1,F,0.55,550,36,1.178840878,0,0,0,NA,f374,g374,NA,NA,Switched Tubes with 254,P5,H8,NA,Antibiotics,29,Unexposed,F,Antibiotics
f375,375,13,29,1,0,0,A+ T- P-,1,F,0.45,450,34,1.144921636,0,0,0,NA,f375,g375,NA,NA,NA,P5,A9,NA,Antibiotics,29,Unexposed,F,Antibiotics
f403,403,14,29,1,0,0,A+ T- P-,1,M,0.47,470,36,1.007373114,0,0,0,NA,f403,g403,NA,NA,NA,P5,B9,NA,Antibiotics,29,Unexposed,M,Antibiotics
f404,404,14,29,1,0,0,A+ T- P-,1,F,0.59,590,36,1.26457476,0,0,0,NA,f404,g404,NA,NA,NA,P5,C9,NA,Antibiotics,29,Unexposed,F,Antibiotics
f405,405,14,29,1,0,0,A+ T- P-,1,F,0.57,570,38,1.038781163,0,0,0,NA,f405,g405,NA,NA,NA,P5,D9,NA,Antibiotics,29,Unexposed,F,Antibiotics
f433,433,15,29,1,0,0,A+ T- P-,1,M,0.49,490,36,1.050240055,0,0,0,NA,f433,g433,NA,NA,NA,P5,E9,NA,Antibiotics,29,Unexposed,M,Antibiotics
f434,434,15,29,1,0,0,A+ T- P-,1,F,0.57,570,35,1.329446064,0,0,0,NA,f434,g434,NA,NA,NA,P5,F9,NA,Antibiotics,29,Unexposed,F,Antibiotics
f435,435,15,29,1,0,0,A+ T- P-,1,M,0.39,390,33,1.08523249,0,0,0,NA,f435,g435,NA,NA,NA,P5,G9,NA,Antibiotics,29,Unexposed,M,Antibiotics
f463,463,16,29,1,0,1,A+ T- P+,1,NA,0.43,430,35,1.002915452,0,0,0,"Fecal sample, weight, no gut sample",f463,g463,NA,NA,Sex Undetermined,P5,H9,NA,Antibiotics_Parasite,29,Exposed,NA,Antibiotics
f464,464,16,29,1,0,1,A+ T- P+,1,M,0.36,360,34,0.915937309,0,0,0,NA,f464,g464,NA,NA,NA,P5,A10,NA,Antibiotics_Parasite,29,Exposed,M,Antibiotics
f465,465,16,29,1,0,1,A+ T- P+,1,M,0.41,410,35,0.956268222,0,0,0,NA,f465,g465,NA,NA,NA,P5,B10,NA,Antibiotics_Parasite,29,Exposed,M,Antibiotics
f493,493,17,29,1,0,1,A+ T- P+,1,M,0.33,330,33,0.918273646,0,0,0,NA,f493,g493,NA,NA,NA,P5,C10,NA,Antibiotics_Parasite,29,Exposed,M,Antibiotics
f494,494,17,29,1,0,1,A+ T- P+,1,M,0.32,320,33,0.890447171,0,0,0,NA,f494,g494,NA,NA,NA,P5,D10,NA,Antibiotics_Parasite,29,Exposed,M,Antibiotics
f495,495,17,29,1,0,1,A+ T- P+,1,M,0.36,360,35,0.839650146,0,0,0,NA,f495,g495,NA,NA,NA,P5,E10,NA,Antibiotics_Parasite,29,Exposed,M,Antibiotics
f523,523,18,29,1,0,1,A+ T- P+,1,M,0.4,400,34,1.017708121,0,0,0,NA,f523,g523,NA,NA,NA,P5,F10,NA,Antibiotics_Parasite,29,Exposed,M,Antibiotics
f524,524,18,29,1,0,1,A+ T- P+,1,F,0.65,650,38,1.184575011,0,0,0,NA,f524,g524,NA,NA,NA,P5,G10,NA,Antibiotics_Parasite,29,Exposed,F,Antibiotics
f525,525,18,29,1,0,1,A+ T- P+,1,M,0.41,410,35,0.956268222,0,0,0,NA,f525,g525,NA,NA,NA,P5,H10,NA,Antibiotics_Parasite,29,Exposed,M,Antibiotics
f553,553,19,29,1,1,0,A+ T+ P-,2,M,0.45,450,35,1.049562682,0,0,0,NA,f553,g553,NA,NA,NA,P5,A11,NA,Antibiotics_Temperature,29,Unexposed,M,Combined
f554,554,19,29,1,1,0,A+ T+ P-,2,M,0.38,380,34,0.966822715,0,0,0,NA,f554,g554,NA,NA,NA,P5,B11,NA,Antibiotics_Temperature,29,Unexposed,M,Combined
f555,555,19,29,1,1,0,A+ T+ P-,2,F,0.41,410,34,1.043150824,0,0,0,NA,f555,g555,NA,NA,NA,P5,C11,NA,Antibiotics_Temperature,29,Unexposed,F,Combined
f583,583,20,29,1,1,0,A+ T+ P-,2,F,0.48,480,36,1.028806584,0,0,0,NA,f583,g583,NA,NA,NA,P5,D11,NA,Antibiotics_Temperature,29,Unexposed,F,Combined
f584,584,20,29,1,1,0,A+ T+ P-,2,F,0.44,440,35,1.026239067,0,0,0,NA,f584,g584,NA,NA,NA,P5,E11,NA,Antibiotics_Temperature,29,Unexposed,F,Combined
f585,585,20,29,1,1,0,A+ T+ P-,2,M,0.35,350,34,0.890494606,0,0,0,NA,f585,g585,NA,NA,NA,P5,F11,NA,Antibiotics_Temperature,29,Unexposed,M,Combined
f613,613,21,29,1,1,0,A+ T+ P-,2,M,0.37,370,35,0.862973761,0,0,0,NA,f613,g613,NA,NA,NA,P5,G11,NA,Antibiotics_Temperature,29,Unexposed,M,Combined
f614,614,21,29,1,1,0,A+ T+ P-,2,F,0.5,500,35,1.166180758,0,0,0,NA,f614,g614,NA,NA,Full Gut,P5,H11,NA,Antibiotics_Temperature,29,Unexposed,F,Combined
f615,615,21,29,1,1,0,A+ T+ P-,2,M,0.47,470,37,0.927881863,0,0,0,NA,f615,g615,NA,NA,NA,P5,A12,NA,Antibiotics_Temperature,29,Unexposed,M,Combined
f643,643,22,29,1,1,1,A+ T+ P+,2,M,0.47,470,35,1.096209913,0,0,0,NA,f643,g643,NA,NA,NA,P5,B12,NA,Antibiotics_Temperature_Parasite,29,Exposed,M,Combined
f644,644,22,29,1,1,1,A+ T+ P+,2,F,0.37,370,33,1.029579542,0,0,0,NA,f644,g644,NA,NA,Minimal Gut Material,P5,C12,NA,Antibiotics_Temperature_Parasite,29,Exposed,F,Combined
f645,645,22,29,1,1,1,A+ T+ P+,2,F,0.33,330,32,1.007080078,0,0,0,NA,f645,g645,NA,NA,NA,P5,D12,NA,Antibiotics_Temperature_Parasite,29,Exposed,F,Combined
f673,673,23,29,1,1,1,A+ T+ P+,2,M,0.42,420,35,0.979591837,0,0,0,NA,f673,g673,NA,NA,NA,P5,E12,NA,Antibiotics_Temperature_Parasite,29,Exposed,M,Combined
f674,674,23,29,1,1,1,A+ T+ P+,2,F,0.4,400,34,1.017708121,0,0,0,NA,f674,g674,NA,NA,NA,P5,F12,NA,Antibiotics_Temperature_Parasite,29,Exposed,F,Combined
f675,675,23,29,1,1,1,A+ T+ P+,2,M,0.46,460,36,0.985939643,0,0,0,NA,f675,g675,NA,NA,NA,P5,G12,NA,Antibiotics_Temperature_Parasite,29,Exposed,M,Combined
f703,703,24,29,1,1,1,A+ T+ P+,2,M,0.38,380,35,0.886297376,0,0,0,NA,f703,g703,NA,NA,Minimal Gut Material,P6,B1,NA,Antibiotics_Temperature_Parasite,29,Exposed,M,Combined
f704,704,24,29,1,1,1,A+ T+ P+,2,M,0.41,410,36,0.878772291,0,0,0,NA,f704,g704,NA,NA,Minimal Gut Material,P6,C1,NA,Antibiotics_Temperature_Parasite,29,Exposed,M,Combined
f705,705,24,29,1,1,1,A+ T+ P+,2,F,0.53,530,37,1.046334867,0,0,0,NA,f705,g705,NA,NA,NA,P6,D1,NA,Antibiotics_Temperature_Parasite,29,Exposed,F,Combined
f21,21,1,60,0,0,0,A- T- P-,0,F,0.61,610,37,1.204272205,0,0,0,NA,f21,g21,NA,NA,NA,P6,E1,NA,Control,60,Unexposed,F,No prior stressor(s)
f22,22,1,60,0,0,0,A- T- P-,0,M,0.52,520,34,1.323020558,0,0,0,NA,f22,g22,NA,NA,NA,P6,F1,NA,Control,60,Unexposed,M,No prior stressor(s)
f23,23,1,60,0,0,0,A- T- P-,0,F,NA,0,NA,#DIV/0!,0,0,0,"Fecal sample, no weight, gut sample confirm",f23,g23,NA,NA,NA,P6,G1,NA,Control,60,Unexposed,F,No prior stressor(s)
f24,24,1,60,0,0,0,A- T- P-,0,M,0.47,470,36,1.007373114,0,0,0,NA,f24,g24,NA,NA,NA,P6,H1,NA,Control,60,Unexposed,M,No prior stressor(s)
f25,25,1,60,0,0,0,A- T- P-,0,M,0.4,400,35,0.932944606,0,0,0,NA,f25,g25,NA,NA,NA,P6,A2,NA,Control,60,Unexposed,M,No prior stressor(s)
f26,26,1,60,0,0,0,A- T- P-,0,NA,0.5,500,36,1.071673525,0,0,0,"Fecal sample, weight, no gut sample",f26,g26,NA,NA,NA,P6,B2,NA,Control,60,Unexposed,NA,No prior stressor(s)
f27,27,1,60,0,0,0,A- T- P-,0,M,0.61,610,39,1.028338306,0,0,0,NA,f27,g27,NA,NA,NA,P6,C2,NA,Control,60,Unexposed,M,No prior stressor(s)
f28,28,1,60,0,0,0,A- T- P-,0,M,0.39,390,34,0.992265418,0,0,0,NA,f28,g28,NA,NA,NA,P6,D2,NA,Control,60,Unexposed,M,No prior stressor(s)
f29,29,1,60,0,0,0,A- T- P-,0,M,0.39,390,33,1.08523249,0,0,1,"maybe fish 83, fish jumped into fish 29's tank. Same treatment",f29,g29,NA,NA,NA,P6,E2,NA,Control,60,Unexposed,M,No prior stressor(s)
f30,30,1,60,0,0,0,A- T- P-,0,M,0.42,420,34,1.068593527,0,0,0,NA,f30,g30,NA,NA,NA,P6,F2,NA,Control,60,Unexposed,M,No prior stressor(s)
f51,51,2,60,0,0,0,A- T- P-,0,F,0.42,420,34,1.068593527,0,0,0,NA,f51,g51,NA,NA,NA,P6,G2,NA,Control,60,Unexposed,F,No prior stressor(s)
f81,81,3,60,0,0,0,A- T- P-,0,M,0.36,360,34,0.915937309,0,0,0,NA,f81,g81,NA,NA,NA,P6,H2,NA,Control,60,Unexposed,M,No prior stressor(s)
f82,82,3,60,0,0,0,A- T- P-,0,F,0.56,560,36,1.200274348,0,0,0,NA,f82,g82,NA,NA,NA,P6,A3,NA,Control,60,Unexposed,F,No prior stressor(s)
f83,83,3,60,0,0,0,A- T- P-,0,F,0.47,470,34,1.195807043,0,0,1,"Maybe fish.id 29, fish jumped into another tank. Same treatment",f83,g83,NA,NA,NA,P6,B3,NA,Control,60,Unexposed,F,No prior stressor(s)
f84,84,3,60,0,0,0,A- T- P-,0,M,0.59,590,39,0.994622296,0,0,0,NA,f84,g84,NA,NA,NA,P6,C3,NA,Control,60,Unexposed,M,No prior stressor(s)
f85,85,3,60,0,0,0,A- T- P-,0,F,0.41,410,35,0.956268222,0,0,0,NA,f85,g85,NA,NA,NA,P6,D3,NA,Control,60,Unexposed,F,No prior stressor(s)
f86,86,3,60,0,0,0,A- T- P-,0,M,0.41,410,33,1.140885438,0,0,0,NA,f86,g86,NA,NA,NA,P6,E3,NA,Control,60,Unexposed,M,No prior stressor(s)
f87,87,3,60,0,0,0,A- T- P-,0,F,0.51,510,34,1.297577855,0,0,0,NA,f87,g87,NA,NA,NA,P6,F3,NA,Control,60,Unexposed,F,No prior stressor(s)
f88,88,3,60,0,0,0,A- T- P-,0,F,0.7,700,39,1.180060352,0,0,0,NA,f88,g88,NA,NA,NA,P6,G3,NA,Control,60,Unexposed,F,No prior stressor(s)
f89,89,3,60,0,0,0,A- T- P-,0,F,0.51,510,36,1.093106996,0,0,0,NA,f89,g89,NA,NA,NA,P6,H3,NA,Control,60,Unexposed,F,No prior stressor(s)
f90,90,3,60,0,0,0,A- T- P-,0,F,0.47,470,35.5,1.050540497,0,0,0,NA,f90,g90,NA,NA,NA,P6,A4,NA,Control,60,Unexposed,F,No prior stressor(s)
f111,111,4,60,0,0,1,A- T- P+,0,F,0.59,590,37,1.16478787,0,2,0,NA,f111,g111,2,0,2 Worms,P6,B4,NA,Parasite,60,Exposed,F,No prior stressor(s)
f112,112,4,60,0,0,1,A- T- P+,0,M,0.46,460,36,0.985939643,0,2,0,NA,f112,g112,2,0,2 Worms,P6,C4,NA,Parasite,60,Exposed,M,No prior stressor(s)
f113,113,4,60,0,0,1,A- T- P+,0,NA,0.54,540,36,1.157407407,0,4,0,"Fecal sample, weight, no gut sample",f113,g113,4,0,4 Worms,P6,D4,NA,Parasite,60,Exposed,NA,No prior stressor(s)
f114,114,4,60,0,0,1,A- T- P+,0,M,0.36,360,34,0.915937309,0,5,0,NA,f114,g114,5,0,5 Worms,P6,E4,NA,Parasite,60,Exposed,M,No prior stressor(s)
f115,115,4,60,0,0,1,A- T- P+,0,F,0.3,300,30,1.111111111,0,1,0,NA,f115,g115,1,0,1 Worm,P6,F4,NA,Parasite,60,Exposed,F,No prior stressor(s)
f116,116,4,60,0,0,1,A- T- P+,0,NA,0.39,390,34.5,0.949745669,0,3,0,"Fecal sample, weight, no gut sample",f116,g116,3,0,3 Worms,P6,G4,NA,Parasite,60,Exposed,NA,No prior stressor(s)
f117,117,4,60,0,0,1,A- T- P+,0,M,0.43,430,36,0.921639232,0,2,0,NA,f117,g117,2,0,2 Worms,P6,H4,NA,Parasite,60,Exposed,M,No prior stressor(s)
f118,118,4,60,0,0,1,A- T- P+,0,F,0.28,280,31,0.939881172,0,34,0,NA,f118,g118,34,0,34 Worms,P6,A5,NA,Parasite,60,Exposed,F,No prior stressor(s)
f119,119,4,60,0,0,1,A- T- P+,0,F,0.43,430,35,1.002915452,0,8,0,NA,f119,g119,8,0,8 Worms,P6,B5,NA,Parasite,60,Exposed,F,No prior stressor(s)
f141,141,5,60,0,0,1,A- T- P+,0,F,0.46,460,34,1.17036434,0,7,0,NA,f141,g141,7,0,7 Worms,P6,C5,NA,Parasite,60,Exposed,F,No prior stressor(s)
f142,142,5,60,0,0,1,A- T- P+,0,F,0.7,700,40,1.09375,0,0,0,NA,f142,g142,NA,NA,NA,P6,D5,NA,Parasite,60,Exposed,F,No prior stressor(s)
f143,143,5,60,0,0,1,A- T- P+,0,M,0.5,500,35,1.166180758,0,1,0,NA,f143,g143,1,0,1 Worm,P6,E5,NA,Parasite,60,Exposed,M,No prior stressor(s)
f144,144,5,60,0,0,1,A- T- P+,0,M,0.4,400,35,0.932944606,0,2,0,NA,f144,g144,2,0,2 Worms,P6,F5,NA,Parasite,60,Exposed,M,No prior stressor(s)
f145,145,5,60,0,0,1,A- T- P+,0,M,0.34,340,34,0.865051903,0,4,0,NA,f145,g145,4,0,4 Worms,P6,G5,NA,Parasite,60,Exposed,M,No prior stressor(s)
f146,146,5,60,0,0,1,A- T- P+,0,F,0.63,630,37,1.24375654,0,0,0,NA,f146,g146,NA,NA,NA,P6,H5,NA,Parasite,60,Exposed,F,No prior stressor(s)
f147,147,5,60,0,0,1,A- T- P+,0,NA,0.57,570,37,1.125303536,0,5,0,"Fecal sample, weight, no gut sample",f147,g147,5,0,5 Worms,P6,A6,NA,Parasite,60,Exposed,NA,No prior stressor(s)
f171,171,6,60,0,0,1,A- T- P+,0,M,0.45,450,34,1.144921636,0,26,0,NA,f171,g171,26,0,26 Worms,P6,B6,NA,Parasite,60,Exposed,M,No prior stressor(s)
f172,172,6,60,0,0,1,A- T- P+,0,M,0.49,490,36,1.050240055,0,3,0,NA,f172,g172,3,0,3 Worms,P6,C6,NA,Parasite,60,Exposed,M,No prior stressor(s)
f173,173,6,60,0,0,1,A- T- P+,0,F,0.2,200,29,0.820041822,0,2,0,NA,f173,g173,2,0,2 Worms,P6,D6,NA,Parasite,60,Exposed,F,No prior stressor(s)
f174,174,6,60,0,0,1,A- T- P+,0,M,0.39,390,35,0.909620991,0,3,0,NA,f174,g174,3,0,3 Worms,P6,E6,NA,Parasite,60,Exposed,M,No prior stressor(s)
f175,175,6,60,0,0,1,A- T- P+,0,F,0.45,450,34,1.144921636,0,1,0,NA,f175,g175,1,0,1 Worm,P6,F6,NA,Parasite,60,Exposed,F,No prior stressor(s)
f176,176,6,60,0,0,1,A- T- P+,0,M,0.54,540,36,1.157407407,0,5,0,NA,f176,g176,5,0,5 Worms,P6,G6,NA,Parasite,60,Exposed,M,No prior stressor(s)
f177,177,6,60,0,0,1,A- T- P+,0,M,0.37,370,34,0.941380012,0,0,0,NA,f177,g177,NA,NA,NA,P6,H6,NA,Parasite,60,Exposed,M,No prior stressor(s)
f178,178,6,60,0,0,1,A- T- P+,0,M,0.5,500,35,1.166180758,0,5,0,NA,f178,g178,5,0,5 Worms,P6,A7,NA,Parasite,60,Exposed,M,No prior stressor(s)
f201,201,7,60,0,1,0,A- T+ P-,1,F,0.52,520,36,1.114540466,0,0,0,NA,f201,g201,NA,NA,NA,P6,B7,NA,Temperature,60,Unexposed,F,Temperature
f202,202,7,60,0,1,0,A- T+ P-,1,F,0.47,470,35,1.096209913,0,0,0,NA,f202,g202,NA,NA,NA,P6,C7,NA,Temperature,60,Unexposed,F,Temperature
f203,203,7,60,0,1,0,A- T+ P-,1,M,0.37,370,33,1.029579542,0,0,0,NA,f203,g203,NA,NA,NA,P6,D7,NA,Temperature,60,Unexposed,M,Temperature
f204,204,7,60,0,1,0,A- T+ P-,1,M,0.44,440,34,1.119478933,0,0,0,NA,f204,g204,NA,NA,NA,P6,E7,NA,Temperature,60,Unexposed,M,Temperature
f205,205,7,60,0,1,0,A- T+ P-,1,F,0.64,640,39,1.078912322,0,0,0,NA,f205,g205,NA,NA,NA,P6,F7,NA,Temperature,60,Unexposed,F,Temperature
f231,231,8,60,0,1,0,A- T+ P-,1,M,0.42,420,34,1.068593527,0,0,0,NA,f231,g231,NA,NA,NA,P6,G7,NA,Temperature,60,Unexposed,M,Temperature
f232,232,8,60,0,1,0,A- T+ P-,1,F,0.62,620,36,1.328875171,0,0,0,NA,f232,g232,NA,NA,NA,P6,H7,NA,Temperature,60,Unexposed,F,Temperature
f233,233,8,60,0,1,0,A- T+ P-,1,F,0.49,490,36,1.050240055,0,0,0,NA,f233,g233,NA,NA,NA,P6,A8,NA,Temperature,60,Unexposed,F,Temperature
f261,261,9,60,0,1,0,A- T+ P-,1,F,0.59,590,38,1.075229625,0,0,0,NA,f261,g261,NA,NA,NA,P6,B8,NA,Temperature,60,Unexposed,F,Temperature
f262,262,9,60,0,1,0,A- T+ P-,1,F,0.38,380,32,1.159667969,0,0,0,NA,f262,g262,NA,NA,NA,P6,C8,NA,Temperature,60,Unexposed,F,Temperature
f263,263,9,60,0,1,0,A- T+ P-,1,F,0.44,440,33,1.224364861,0,0,0,NA,f263,g263,NA,NA,NA,P6,D8,NA,Temperature,60,Unexposed,F,Temperature
f291,291,10,60,0,1,1,A- T+ P+,1,M,0.39,390,35,0.909620991,0,1,0,NA,f291,g291,1,0,1 Worm,P6,E8,NA,Temperature_Parasite,60,Exposed,M,Temperature
f321,321,11,60,0,1,1,A- T+ P+,1,F,0.56,560,36,1.200274348,0,0,0,NA,f321,g321,NA,NA,NA,P6,F8,NA,Temperature_Parasite,60,Exposed,F,Temperature
f322,322,11,60,0,1,1,A- T+ P+,1,F,0.51,510,38,0.929435778,0,0,0,NA,f322,g322,NA,NA,NA,P6,G8,NA,Temperature_Parasite,60,Exposed,F,Temperature
f323,323,11,60,0,1,1,A- T+ P+,1,F,0.33,330,32,1.007080078,0,2,0,NA,f323,g323,2,0,2 Worms,P6,H8,NA,Temperature_Parasite,60,Exposed,F,Temperature
f324,324,11,60,0,1,1,A- T+ P+,1,M,0.31,310,32,0.946044922,0,0,0,NA,f324,g324,NA,NA,NA,P6,A9,NA,Temperature_Parasite,60,Exposed,M,Temperature
f325,325,11,60,0,1,1,A- T+ P+,1,M,0.44,440,31,1.476956128,0,2,0,NA,f325,g325,2,0,2 Worms,P6,B9,NA,Temperature_Parasite,60,Exposed,M,Temperature
f326,326,11,60,0,1,1,A- T+ P+,1,F,0.54,540,36,1.157407407,0,4,0,NA,f326,g326,4,0,5 Worms,P6,C9,NA,Temperature_Parasite,60,Exposed,F,Temperature
f327,327,11,60,0,1,1,A- T+ P+,1,M,0.35,350,33,0.973926594,0,2,0,NA,f327,g327,2,0,2 Worms,P6,D9,NA,Temperature_Parasite,60,Exposed,M,Temperature
f328,328,11,60,0,1,1,A- T+ P+,1,F,0.43,430,34,1.09403623,0,2,0,NA,f328,g328,2,0,2 Worms,P6,E9,NA,Temperature_Parasite,60,Exposed,F,Temperature
f329,329,11,60,0,1,1,A- T+ P+,1,M,0.12,120,29,0.492025093,0,0,0,NA,f329,g329,NA,NA,NA,P6,F9,NA,Temperature_Parasite,60,Exposed,M,Temperature
f330,330,11,60,0,1,1,A- T+ P+,1,M,0.4,400,34,1.017708121,0,0,0,NA,f330,g330,NA,NA,NA,P6,G9,NA,Temperature_Parasite,60,Exposed,M,Temperature
f351,351,12,60,0,1,1,A- T+ P+,1,F,0.6,600,38,1.093453856,0,4,0,NA,f351,g351,4,0,4 Worms,P6,H9,NA,Temperature_Parasite,60,Exposed,F,Temperature
f352,352,12,60,0,1,1,A- T+ P+,1,M,0.4,400,35,0.932944606,0,12,0,NA,f352,g352,12,0,12 Worms,P6,A10,NA,Temperature_Parasite,60,Exposed,M,Temperature
f353,353,12,60,0,1,1,A- T+ P+,1,M,0.41,410,34,1.043150824,0,6,0,NA,f353,g353,6,0,6 Worms,P6,B10,NA,Temperature_Parasite,60,Exposed,M,Temperature
f354,354,12,60,0,1,1,A- T+ P+,1,M,0.46,460,32,1.403808594,0,2,0,NA,f354,g354,2,0,2 Worms,P6,C10,NA,Temperature_Parasite,60,Exposed,M,Temperature
f355,355,12,60,0,1,1,A- T+ P+,1,M,0.45,450,35,1.049562682,0,15,0,NA,f355,g355,15,0,15 Worms,P6,D10,NA,Temperature_Parasite,60,Exposed,M,Temperature
f356,356,12,60,0,1,1,A- T+ P+,1,M,0.39,390,34,0.992265418,0,6,0,NA,f356,g356,6,0,6 Worms,P6,E10,NA,Temperature_Parasite,60,Exposed,M,Temperature
f381,381,13,60,1,0,0,A+ T- P-,1,M,0.36,360,32,1.098632813,0,0,0,NA,f381,g381,NA,NA,NA,P6,F10,NA,Antibiotics,60,Unexposed,M,Antibiotics
f411,411,14,60,1,0,0,A+ T- P-,1,F,0.73,730,39,1.230634367,0,0,0,NA,f411,g411,NA,NA,NA,P6,G10,NA,Antibiotics,60,Unexposed,F,Antibiotics
f412,412,14,60,1,0,0,A+ T- P-,1,F,0.56,560,36,1.200274348,0,0,0,NA,f412,g412,NA,NA,NA,P6,H10,NA,Antibiotics,60,Unexposed,F,Antibiotics
f413,413,14,60,1,0,0,A+ T- P-,1,M,0.49,490,36,1.050240055,0,0,0,NA,f413,g413,NA,NA,NA,P6,A11,NA,Antibiotics,60,Unexposed,M,Antibiotics
f414,414,14,60,1,0,0,A+ T- P-,1,F,0.62,620,38,1.129902318,0,0,0,NA,f414,g414,NA,NA,NA,P6,B11,NA,Antibiotics,60,Unexposed,F,Antibiotics
f415,415,14,60,1,0,0,A+ T- P-,1,M,0.48,480,36,1.028806584,0,0,0,NA,f415,g415,NA,NA,NA,P6,C11,NA,Antibiotics,60,Unexposed,M,Antibiotics
f416,416,14,60,1,0,0,A+ T- P-,1,F,0.66,660,37,1.302983041,0,0,0,NA,f416,g416,NA,NA,NA,P6,D11,NA,Antibiotics,60,Unexposed,F,Antibiotics
f441,441,15,60,1,0,0,A+ T- P-,1,F,0.6,600,37,1.184530038,0,0,0,NA,f441,g441,NA,NA,441a Fish ID,P6,E11,NA,Antibiotics,60,Unexposed,F,Antibiotics
f442,442,15,60,1,0,0,A+ T- P-,1,F,0.72,720,39,1.213776362,0,0,0,NA,f442,g442,NA,NA,NA,P6,F11,NA,Antibiotics,60,Unexposed,F,Antibiotics
f443,443,15,60,1,0,0,A+ T- P-,1,F,0.39,390,32,1.190185547,0,0,0,NA,f443,g443,NA,NA,NA,P6,G11,NA,Antibiotics,60,Unexposed,F,Antibiotics
f444,444,15,60,1,0,0,A+ T- P-,1,F,0.48,480,34,1.221249746,0,0,0,NA,f444,g444,NA,NA,NA,P6,H11,NA,Antibiotics,60,Unexposed,F,Antibiotics
f445,445,15,60,1,0,0,A+ T- P-,1,F,0.47,470,35,1.096209913,0,0,0,NA,f445,g445,NA,NA,NA,P6,A12,NA,Antibiotics,60,Unexposed,F,Antibiotics
f446,446,15,60,1,0,0,A+ T- P-,1,M,0.47,470,35,1.096209913,0,0,0,NA,f446,g446,NA,NA,NA,P6,B12,NA,Antibiotics,60,Unexposed,M,Antibiotics
f447,447,15,60,1,0,0,A+ T- P-,1,F,0.91,910,35,2.12244898,0,0,0,NA,f447,g447,NA,NA,NA,P6,C12,NA,Antibiotics,60,Unexposed,F,Antibiotics
f448,448,15,60,1,0,0,A+ T- P-,1,M,NA,0,NA,#DIV/0!,0,0,0,"Fecal sample, no weight, gut sample confirm",f448,g448,NA,NA,NA,P6,D12,NA,Antibiotics,60,Unexposed,M,Antibiotics
f449,449,15,60,1,0,0,A+ T- P-,1,F,0.37,370,33,1.029579542,0,0,0,NA,f449,g449,NA,NA,NA,P6,E12,NA,Antibiotics,60,Unexposed,F,Antibiotics
f471,471,16,60,1,0,1,A+ T- P+,1,M,0.44,440,34,1.119478933,0,1,0,NA,f471,g471,1,0,1 Worm,P6,F12,NA,Antibiotics_Parasite,60,Exposed,M,Antibiotics
f472,472,16,60,1,0,1,A+ T- P+,1,F,0.44,440,32,1.342773438,0,0,0,NA,f472,g472,NA,NA,NA,P6,G12,NA,Antibiotics_Parasite,60,Exposed,F,Antibiotics
f473,473,16,60,1,0,1,A+ T- P+,1,M,0.46,460,35,1.072886297,0,1,0,NA,f473,g473,1,0,1 Worm,P7,B1,NA,Antibiotics_Parasite,60,Exposed,M,Antibiotics
f474,474,16,60,1,0,1,A+ T- P+,1,F,0.42,420,34,1.068593527,0,0,0,NA,f474,g474,NA,NA,NA,P7,C1,NA,Antibiotics_Parasite,60,Exposed,F,Antibiotics
f475,475,16,60,1,0,1,A+ T- P+,1,M,0.47,470,37,0.927881863,0,0,0,NA,f475,g475,NA,NA,NA,P7,D1,NA,Antibiotics_Parasite,60,Exposed,M,Antibiotics
f476,476,16,60,1,0,1,A+ T- P+,1,M,0.48,480,36,1.028806584,0,3,0,NA,f476,g476,3,0,3 Worms,P7,E1,NA,Antibiotics_Parasite,60,Exposed,M,Antibiotics
f477,477,16,60,1,0,1,A+ T- P+,1,M,0.38,380,34,0.966822715,0,2,0,NA,f477,g477,2,0,2 Worms,P7,F1,NA,Antibiotics_Parasite,60,Exposed,M,Antibiotics
f478,478,16,60,1,0,1,A+ T- P+,1,F,0.67,670,37,1.322725209,0,0,0,NA,f478,g478,NA,NA,NA,P7,G1,NA,Antibiotics_Parasite,60,Exposed,F,Antibiotics
f479,479,16,60,1,0,1,A+ T- P+,1,M,0.52,520,36,1.114540466,0,2,0,NA,f479,g479,2,0,2 Worms,P7,H1,NA,Antibiotics_Parasite,60,Exposed,M,Antibiotics
f501,501,17,60,1,0,1,A+ T- P+,1,F,0.63,630,39,1.062054316,0,1,0,NA,f501,g501,1,0,1 Worm,P7,A2,NA,Antibiotics_Parasite,60,Exposed,F,Antibiotics
f502,502,17,60,1,0,1,A+ T- P+,1,M,0.43,430,35,1.002915452,0,0,0,NA,f502,g502,NA,NA,NA,P7,B2,NA,Antibiotics_Parasite,60,Exposed,M,Antibiotics
f503,503,17,60,1,0,1,A+ T- P+,1,M,0.48,480,36,1.028806584,0,1,0,NA,f503,g503,1,0,1 Worm,P7,C2,NA,Antibiotics_Parasite,60,Exposed,M,Antibiotics
f504,504,17,60,1,0,1,A+ T- P+,1,M,0.45,450,37,0.888397528,0,7,0,NA,f504,g504,7,0,7 Worms,P7,D2,NA,Antibiotics_Parasite,60,Exposed,M,Antibiotics
f505,505,17,60,1,0,1,A+ T- P+,1,F,0.54,540,35,1.259475219,0,3,0,NA,f505,g505,3,0,3 Worms,P7,E2,NA,Antibiotics_Parasite,60,Exposed,F,Antibiotics
f506,506,17,60,1,0,1,A+ T- P+,1,F,0.56,560,39,0.944048281,0,1,0,NA,f506,g506,1,0,1 Worm,P7,F2,NA,Antibiotics_Parasite,60,Exposed,F,Antibiotics
f507,507,17,60,1,0,1,A+ T- P+,1,F,0.52,520,40,0.8125,0,0,0,NA,f507,g507,NA,NA,NA,P7,G2,NA,Antibiotics_Parasite,60,Exposed,F,Antibiotics
f508,508,17,60,1,0,1,A+ T- P+,1,M,0.51,510,35,1.189504373,0,2,0,NA,f508,g508,2,0,2 Worms,P7,H2,NA,Antibiotics_Parasite,60,Exposed,M,Antibiotics
f531,531,18,60,1,0,1,A+ T- P+,1,M,0.33,330,32,1.007080078,0,0,0,NA,f531,g531,NA,NA,NA,P7,A3,NA,Antibiotics_Parasite,60,Exposed,M,Antibiotics
f532,532,18,60,1,0,1,A+ T- P+,1,M,0.39,390,35,0.909620991,0,1,0,NA,f532,g532,1,0,1 Worm,P7,B3,NA,Antibiotics_Parasite,60,Exposed,M,Antibiotics
f533,533,18,60,1,0,1,A+ T- P+,1,F,0.44,440,37,0.868655361,0,1,0,NA,f533,g533,1,0,1 Worm,P7,C3,NA,Antibiotics_Parasite,60,Exposed,F,Antibiotics
f561,561,19,60,1,1,0,A+ T+ P-,2,F,0.68,680,38,1.239247704,0,0,0,NA,f561,g561,NA,NA,NA,P7,D3,NA,Antibiotics_Temperature,60,Unexposed,F,Combined
f562,562,19,60,1,1,0,A+ T+ P-,2,F,0.55,550,37,1.085819201,0,0,0,NA,f562,g562,NA,NA,NA,P7,E3,NA,Antibiotics_Temperature,60,Unexposed,F,Combined
f621,621,21,60,1,1,0,A+ T+ P-,2,F,0.49,490,33,1.363497231,0,0,0,NA,f621,g621,NA,NA,NA,P7,F3,NA,Antibiotics_Temperature,60,Unexposed,F,Combined
f622,622,21,60,1,1,0,A+ T+ P-,2,F,0.61,610,37,1.204272205,0,0,0,NA,f622,g622,NA,NA,NA,P7,G3,NA,Antibiotics_Temperature,60,Unexposed,F,Combined
f651,651,22,60,1,1,1,A+ T+ P+,2,F,0.69,690,38,1.257471935,0,2,0,NA,f651,g651,2,0,2 Worms,P7,H3,NA,Antibiotics_Temperature_Parasite,60,Exposed,F,Combined
f652,652,22,60,1,1,1,A+ T+ P+,2,M,0.29,290,36,0.621570645,0,2,0,NA,f652,g652,2,0,2 Worms,P7,A4,NA,Antibiotics_Temperature_Parasite,60,Exposed,M,Combined
f653,653,22,60,1,1,1,A+ T+ P+,2,F,0.39,390,34,0.992265418,0,5,0,NA,f653,g653,5,0,5 Worms,P7,B4,NA,Antibiotics_Temperature_Parasite,60,Exposed,F,Combined
f654,654,22,60,1,1,1,A+ T+ P+,2,F,0.42,420,34,1.068593527,0,1,0,NA,f654,g654,1,0,1 Worm,P7,C4,NA,Antibiotics_Temperature_Parasite,60,Exposed,F,Combined
f655,655,22,60,1,1,1,A+ T+ P+,2,F,0.48,480,36,1.028806584,0,3,0,NA,f655,g655,3,0,3 Worms,P7,D4,NA,Antibiotics_Temperature_Parasite,60,Exposed,F,Combined
f656,656,22,60,1,1,1,A+ T+ P+,2,F,0.62,620,38,1.129902318,0,0,0,NA,f656,g656,NA,NA,NA,P7,E4,NA,Antibiotics_Temperature_Parasite,60,Exposed,F,Combined
f657,657,22,60,1,1,1,A+ T+ P+,2,M,0.24,240,31,0.805612433,0,2,0,NA,f657,g657,2,0,2 Worms,P7,F4,NA,Antibiotics_Temperature_Parasite,60,Exposed,M,Combined
f658,658,22,60,1,1,1,A+ T+ P+,2,M,0.33,330,34,0.8396092,0,7,0,NA,f658,g658,7,0,7 Worms,P7,G4,NA,Antibiotics_Temperature_Parasite,60,Exposed,M,Combined
f681,681,23,60,1,1,1,A+ T+ P+,2,F,0.43,430,33,1.196538387,0,6,0,NA,f681,g681,6,0,6 Worms,P7,H4,NA,Antibiotics_Temperature_Parasite,60,Exposed,F,Combined
f682,682,23,60,1,1,1,A+ T+ P+,2,F,0.44,440,37,0.868655361,0,5,0,NA,f682,g682,5,0,5 Worms,P7,A5,NA,Antibiotics_Temperature_Parasite,60,Exposed,F,Combined
f683,683,23,60,1,1,1,A+ T+ P+,2,M,0.4,400,35,0.932944606,0,2,0,NA,f683,g683,2,0,2 Worm,P7,B5,NA,Antibiotics_Temperature_Parasite,60,Exposed,M,Combined
